n_words_mean,pron_me_mean,pron_we_mean,pron_you_mean,pron_3rd_mean,geo_mean,meta_mean,certain_mean,hedge_mean,n_introduced_mean,n_introduced_w_certain_mean,n_introduced_w_hedge_mean,n_words_grad,pron_me_grad,pron_we_grad,pron_you_grad,pron_3rd_grad,geo_grad,meta_grad,certain_grad,hedge_grad,n_introduced_grad,n_introduced_w_certain_grad,n_introduced_w_hedge_grad
47.333333333333336,0.6666666666666666,0.3333333333333333,0.3333333333333333,0.375,0.6666666666666666,0.0,0.041666666666666664,0.7916666666666666,0.0,0.0,0.0,-0.8008695652173929,-0.025217391304347848,-0.008695652173913049,0.0017391304347826077,0.003043478260869566,0.0069565217391304,0.0,-0.002173913043478261,-0.010869565217391318,0.0,0.0,0.0
67.88888888888889,1.4444444444444444,0.1111111111111111,2.6666666666666665,0.6666666666666666,1.6666666666666667,0.0,0.1111111111111111,0.5555555555555556,0.0,0.0,0.0,4.683333333333331,0.35000000000000003,0.01666666666666666,0.48333333333333334,0.21666666666666673,-1.5546231902119452e-16,0.0,0.05000000000000001,0.06666666666666665,0.0,0.0,0.0
49.93103448275862,1.2413793103448276,0.4482758620689655,0.41379310344827586,0.5517241379310345,0.4482758620689655,0.0,0.13793103448275862,1.1724137931034482,0.0,0.0,0.0,0.314778325123153,0.011822660098522167,0.010837438423645322,0.004433497536945812,-0.01576354679802956,0.0251231527093596,0.0,0.005418719211822659,-0.02807881773399012,0.0,0.0,0.0
147.73333333333332,2.933333333333333,0.8666666666666667,3.6,1.0,1.9333333333333333,0.0,0.2,4.133333333333334,0.0,0.0,0.0,0.32142857142857006,-0.08928571428571418,0.04285714285714283,0.14642857142857132,-0.010714285714285694,-0.08571428571428566,0.0,0.035714285714285705,0.1607142857142857,0.0,0.0,0.0
30.727272727272727,0.45454545454545453,0.0,0.7272727272727273,1.4545454545454546,0.45454545454545453,0.18181818181818182,0.09090909090909091,0.45454545454545453,0.0,0.0,0.0,-2.954545454545453,-0.08181818181818179,0.0,-0.14545454545454553,-0.16363636363636358,-0.1,0.04545454545454545,0.009090909090909092,-0.12727272727272726,0.0,0.0,0.0
53.785714285714285,0.75,0.5357142857142857,0.14285714285714285,0.14285714285714285,2.392857142857143,0.03571428571428571,0.10714285714285714,1.4285714285714286,0.0,0.0,0.0,-0.05473453749316009,0.019978106185002727,-0.012862616310892184,0.002736726874657907,0.0038314176245210665,0.05719759168035027,0.004105090311986862,0.0030103995621237,-0.032293377120963355,0.0,0.0,0.0
88.58333333333333,0.8333333333333334,0.8333333333333334,1.4166666666666667,0.6666666666666666,0.75,0.0,0.16666666666666666,1.6666666666666667,0.0,0.0,0.0,-7.290209790209801,-2.9613260142350684e-17,-0.11188811188811196,-0.03146853146853161,-0.13286713286713295,-0.07342657342657351,0.0,-9.871086714116896e-18,0.06293706293706286,0.0,0.0,0.0
67.95238095238095,2.7142857142857144,0.2857142857142857,1.0476190476190477,1.2380952380952381,1.1904761904761905,0.0,0.42857142857142855,1.9047619047619047,0.0,0.0,0.0,-1.6350649350649331,-0.028571428571428525,-0.014285714285714301,3.3158071530550506e-17,-0.002597402597402583,-0.02207792207792211,0.0,-0.007792207792207808,0.02337662337662343,0.0,0.0,0.0
82.47058823529412,0.8823529411764706,0.17647058823529413,1.1764705882352942,0.7058823529411765,1.1764705882352942,0.0,0.9411764705882353,1.6470588235294117,0.0,0.0,0.0,-0.21078431372549358,0.03431372549019604,0.03431372549019608,0.06372549019607839,0.004901960784313702,0.05147058823529409,0.0,-0.0024509803921569056,-0.044117647058823636,0.0,0.0,0.0
80.26470588235294,1.588235294117647,0.5294117647058824,0.8529411764705882,1.7058823529411764,0.5588235294117647,0.0,0.38235294117647056,1.411764705882353,0.0,0.0,0.0,0.22536287242169512,0.024751718869365946,-0.0012223071046600445,-0.004736440030557674,0.018334606569900647,0.001375095492742554,0.0,-0.013598166539343032,0.002139037433155066,0.0,0.0,0.0
58.72222222222222,1.6111111111111112,0.5,0.7222222222222222,0.6666666666666666,0.5,0.05555555555555555,0.05555555555555555,1.3333333333333333,0.0,0.0,0.0,-1.6934984520123846,-0.0712074303405573,0.0010319917440660415,-0.036119711042311674,0.018575851393188847,0.046439628482972145,-0.009287925696594432,-0.013415892672858618,-0.09287925696594433,0.0,0.0,0.0
30.615384615384617,0.3076923076923077,0.38461538461538464,1.0,0.0,2.230769230769231,0.0,0.15384615384615385,0.0,0.0,0.0,0.0,-0.4890109890109863,0.021978021978022,-0.05494505494505492,0.17582417582417587,0.0,-0.2307692307692307,0.0,-0.010989010989010976,0.0,0.0,0.0,0.0
99.6,0.9714285714285714,1.4,0.8857142857142857,0.22857142857142856,1.0857142857142856,0.05714285714285714,0.34285714285714286,3.1142857142857143,0.0,0.0,0.0,-0.9420168067226892,-0.0008403361344537826,0.01736694677871147,-0.014005602240896357,-0.007282913165266108,-0.03725490196078431,0.0022408963585434163,-0.009523809523809525,0.005602240896358561,0.0,0.0,0.0
52.827586206896555,1.3793103448275863,0.1724137931034483,0.7931034482758621,0.5517241379310345,0.13793103448275862,0.034482758620689655,0.13793103448275862,0.8275862068965517,0.0,0.0,0.0,0.22512315270935998,0.008374384236453192,0.006896551724137932,-0.0438423645320197,-0.021182266009852225,0.012315270935960595,0.004433497536945812,0.01083743842364532,-0.032019704433497526,0.0,0.0,0.0
69.81818181818181,1.7272727272727273,0.09090909090909091,0.2727272727272727,0.36363636363636365,3.272727272727273,0.0,0.0,1.5454545454545454,0.0,0.0,0.0,6.836363636363632,0.2545454545454545,-0.027272727272727264,0.10909090909090904,-0.054545454545454564,0.2727272727272727,0.0,0.0,0.1909090909090908,0.0,0.0,0.0
104.125,1.375,0.3125,1.0625,1.6875,2.875,0.0,0.4375,1.25,0.0,0.0,0.0,0.03235294117647239,-0.044117647058823456,0.07794117647058825,0.01911764705882354,-0.1573529411764706,0.12941176470588242,0.0,-0.05441176470588233,0.02058823529411766,0.0,0.0,0.0
54.5,1.1764705882352942,0.5882352941176471,0.47058823529411764,1.4705882352941178,1.588235294117647,0.0,0.17647058823529413,1.3529411764705883,0.0,0.0,0.0,-0.692284186401833,-0.033307868601986264,-0.012834224598930476,1.9837275317668976e-18,-0.002750190985485112,-0.07883880825057298,0.0,-0.0006111535523300232,-0.05194805194805197,0.0,0.0,0.0
119.2,2.6,0.1,1.7,1.5,0.5,0.1,0.1,2.3,0.0,0.0,0.0,-4.739393939393948,-0.2545454545454549,-0.04242424242424247,-0.11515151515151527,0.03030303030303016,-0.042424242424242475,-0.04242424242424247,-0.04242424242424247,0.1151515151515151,0.0,0.0,0.0
49.90909090909091,1.2272727272727273,0.3181818181818182,2.0,0.2727272727272727,0.5909090909090909,0.045454545454545456,0.045454545454545456,0.7272727272727273,0.0,0.0,0.0,0.9610389610389638,-0.0028232636928288523,-0.026538678712591742,0.0846979107848674,-0.005646527385657804,-0.023150762281197047,0.0005646527385657856,-0.010728402032749853,0.04968944099378883,0.0,0.0,0.0
103.8,1.1428571428571428,0.05714285714285714,2.4,1.2571428571428571,5.771428571428571,0.02857142857142857,0.4857142857142857,1.6,0.0,0.0,0.0,2.4042016806722684,0.027170868347338922,-0.006722689075630252,0.028291316526610637,-3.7961889462389034e-18,0.06806722689075635,-0.0014005602240896354,0.009523809523809525,0.029691876750700247,0.0,0.0,0.0
79.5625,1.375,0.625,0.375,1.625,0.5625,0.0,0.125,1.9375,0.0,0.0,0.0,-0.898529411764704,0.014705882352941185,0.09117647058823529,0.020588235294117657,0.09117647058823533,-0.08088235294117645,0.0,0.017647058823529415,0.06911764705882355,0.0,0.0,0.0
37.75,0.5833333333333334,0.16666666666666666,0.08333333333333333,0.25,0.08333333333333333,0.0,0.16666666666666666,0.9166666666666666,0.0,0.0,0.0,-2.8216783216783248,-0.003496503496503556,-0.020979020979020997,-0.003496503496503503,-0.0454545454545455,-0.010489510489510499,0.0,-0.006993006993007013,-0.03146853146853158,0.0,0.0,0.0
35.21739130434783,1.0434782608695652,0.08695652173913043,0.5652173913043478,0.13043478260869565,0.6521739130434783,0.0,0.043478260869565216,0.6956521739130435,0.0,0.0,0.0,-0.6561264822134377,-0.044466403162055294,-0.007905138339920952,-0.010869565217391294,-0.014822134387351783,0.003952569169960498,0.0,-0.003952569169960475,-0.02272727272727271,0.0,0.0,0.0
57.916666666666664,0.5,0.08333333333333333,1.5833333333333333,1.4166666666666667,0.6666666666666666,0.0,0.16666666666666666,1.1666666666666667,0.0,0.0,0.0,5.318181818181815,0.027972027972027934,0.01748251748251748,0.12937062937062924,0.06643356643356634,0.07692307692307689,0.0,-9.871086714116896e-18,0.11188811188811182,0.0,0.0,0.0
99.86206896551724,3.0344827586206895,0.13793103448275862,2.1379310344827585,0.5517241379310345,0.7586206896551724,0.034482758620689655,0.1724137931034483,1.9310344827586208,0.0,0.0,0.0,-2.6522167487684696,0.019704433497536967,0.0024630541871921187,-0.07438423645320194,0.002955665024630545,-0.035960591133004906,0.006403940886699505,-0.008374384236453198,-0.0650246305418719,0.0,0.0,0.0
29.363636363636363,0.2727272727272727,0.18181818181818182,0.6363636363636364,0.09090909090909091,0.09090909090909091,0.0,0.18181818181818182,0.18181818181818182,0.0,0.0,0.0,-0.24545454545454531,0.05454545454545454,-0.018181818181818174,0.018181818181818212,0.036363636363636355,-0.01818181818181818,0.0,-0.05454545454545453,-0.06363636363636363,0.0,0.0,0.0
77.5,2.45,0.35,1.65,1.25,0.8,0.0,0.1,1.7,0.0,0.0,0.0,-9.180451127819545,-0.28045112781954884,-0.0413533834586466,-0.3075187969924811,-0.250375939849624,-0.08721804511278186,0.0,-0.02406015037593986,-0.18496240601503752,0.0,0.0,0.0
65.21052631578948,1.5263157894736843,0.8421052631578947,0.631578947368421,0.3157894736842105,0.6842105263157895,0.05263157894736842,0.05263157894736842,1.9473684210526316,0.0,0.0,0.0,-0.33333333333333154,-0.024561403508771944,-0.012280701754385958,-0.040350877192982484,-0.022807017543859658,0.005263157894736843,-0.005263157894736844,-0.005263157894736844,-0.0982456140350877,0.0,0.0,0.0
85.97058823529412,0.9117647058823529,1.2647058823529411,0.7647058823529411,1.8235294117647058,0.8235294117647058,0.0,0.058823529411764705,1.7941176470588236,0.0,0.0,0.0,0.9324675324675327,-0.00015278838808250754,-0.0022918258212375735,0.02200152788388083,0.004278074866310187,0.02475171886936594,0.0,0.0009167303284950351,0.04690603514132928,0.0,0.0,0.0
53.19047619047619,0.47619047619047616,0.09523809523809523,0.5238095238095238,0.19047619047619047,0.2857142857142857,0.0,0.09523809523809523,1.5238095238095237,0.0,0.0,0.0,1.4610389610389614,-0.02987012987012986,0.015584415584415583,0.06753246753246753,0.012987012987012986,-0.02857142857142856,0.0,0.0077922077922077905,0.11038961038961037,0.0,0.0,0.0
46.470588235294116,1.5294117647058822,0.17647058823529413,0.8823529411764706,0.4117647058823529,0.35294117647058826,0.0,0.058823529411764705,0.8235294117647058,0.0,0.0,0.0,-1.2426470588235312,-0.02696078431372563,0.0465686274509804,-0.05147058823529417,-0.04411764705882357,-0.004901960784313731,0.0,-0.009803921568627458,0.012254901960784293,0.0,0.0,0.0
77.83333333333333,2.4166666666666665,0.08333333333333333,2.0833333333333335,0.0,0.4166666666666667,0.0,0.08333333333333333,1.5,0.0,0.0,0.0,3.951048951048944,-0.06643356643356664,0.024475524475524476,0.402097902097902,0.0,0.03146853146853143,0.0,0.0034965034965034896,-0.027972027972028073,0.0,0.0,0.0
85.41666666666667,2.1666666666666665,0.6666666666666666,0.08333333333333333,0.16666666666666666,4.416666666666667,0.0,0.0,2.75,0.0,0.0,0.0,-4.716783216783222,-0.15384615384615405,-0.006993006993007053,-0.003496503496503503,-0.027972027972028,-0.31818181818181873,0.0,0.0,-0.2622377622377625,0.0,0.0,0.0
57.5,1.1428571428571428,0.5,0.8571428571428571,0.5714285714285714,0.6428571428571429,0.0,0.07142857142857142,1.9285714285714286,0.0,0.0,0.0,4.041758241758243,0.10109890109890113,-0.006593406593406585,0.07912087912087915,0.17142857142857149,0.04175824175824177,0.0,0.015384615384615385,0.20000000000000004,0.0,0.0,0.0
81.16666666666667,2.0,0.25,3.5833333333333335,0.4166666666666667,1.3333333333333333,0.0,0.16666666666666666,0.9166666666666666,0.0,0.0,0.0,6.188811188811185,0.16783216783216776,-0.01748251748251751,0.1433566433566431,0.010489510489510476,0.013986013986013929,0.0,-0.006993006993006991,0.0034965034965034275,0.0,0.0,0.0
48.63157894736842,0.631578947368421,0.05263157894736842,1.0,0.631578947368421,0.10526315789473684,0.0,0.3157894736842105,1.0526315789473684,0.0,0.0,0.0,-1.278947368421053,-0.045614035087719315,0.0017543859649122812,-0.029824561403508774,-0.07368421052631578,0.019298245614035092,0.0,-0.0385964912280702,0.02456140350877193,0.0,0.0,0.0
88.55555555555556,1.7222222222222223,0.2222222222222222,0.3888888888888889,0.16666666666666666,0.2222222222222222,0.3333333333333333,0.16666666666666666,2.888888888888889,0.0,0.0,0.0,2.798761609907122,-0.0072239422084623426,0.026831785345717247,-0.03818369453044378,-0.007223942208462332,0.012383900928792572,-0.03921568627450979,-0.031991744066047476,0.21671826625387003,0.0,0.0,0.0
56.666666666666664,0.7916666666666666,0.25,0.625,0.9583333333333334,0.8333333333333334,0.08333333333333333,0.25,0.75,0.0,0.0,0.0,2.273913043478261,0.005652173913043471,0.0373913043478261,0.040434782608695645,0.09782608695652177,0.04782608695652174,-0.013913043478260872,-0.008695652173913049,0.0034782608695652054,0.0,0.0,0.0
97.42857142857143,2.2142857142857144,0.7142857142857143,2.357142857142857,1.0,0.5,0.7857142857142857,0.21428571428571427,1.4285714285714286,0.0,0.0,0.0,6.294505494505496,0.32747252747252753,-0.10989010989010996,0.3054945054945056,0.04835164835164835,0.01538461538461538,-0.03296703296703298,0.02857142857142858,0.1450549450549451,0.0,0.0,0.0
96.55555555555556,2.5555555555555554,0.4444444444444444,2.888888888888889,1.2222222222222223,0.1111111111111111,0.1111111111111111,0.0,2.4444444444444446,0.0,0.0,0.0,4.816666666666662,0.28333333333333327,-0.05000000000000006,0.09999999999999983,-0.016666666666666725,-1.3602952914354521e-17,-1.3602952914354521e-17,0.0,0.1666666666666665,0.0,0.0,0.0
137.84615384615384,2.5384615384615383,0.15384615384615385,4.769230769230769,1.1538461538461537,1.7692307692307692,0.15384615384615385,0.38461538461538464,2.3076923076923075,0.0,0.0,0.0,-14.989010989010977,-0.36263736263736246,-0.038461538461538436,-0.8516483516483513,-0.17582417582417573,-0.25824175824175805,-0.03296703296703296,-0.09340659340659335,-0.24175824175824173,0.0,0.0,0.0
87.76,1.64,0.16,0.8,1.96,0.52,0.0,0.44,1.28,0.0,0.0,0.0,-3.586923076923076,-0.09461538461538457,-0.007692307692307688,-0.006153846153846121,-0.14153846153846153,-0.009230769230769221,0.0,-0.04538461538461539,-0.0930769230769231,0.0,0.0,0.0
64.27777777777777,1.0,0.5,0.6666666666666666,0.5,0.05555555555555555,0.0,0.16666666666666666,1.5,0.0,0.0,0.0,-0.4551083591331293,0.012383900928792593,-0.0010319917440660571,0.020639834881320932,0.017543859649122803,0.003095975232198142,0.0,0.011351909184726519,-0.02786377708978333,0.0,0.0,0.0
37.69565217391305,0.6086956521739131,0.30434782608695654,1.0869565217391304,0.2608695652173913,0.2608695652173913,0.0,0.043478260869565216,0.6956521739130435,0.0,0.0,0.0,0.1650197628458504,0.03557312252964428,0.03162055335968381,-0.037549407114624456,-0.0484189723320158,0.0009881422924901291,0.0,-0.007905138339920952,0.028656126482213447,0.0,0.0,0.0
77.80952380952381,1.8095238095238095,0.047619047619047616,1.5714285714285714,0.2857142857142857,0.6190476190476191,0.0,0.23809523809523808,1.0,0.0,0.0,0.0,1.0155844155844167,0.10909090909090909,-0.003896103896103892,-0.023376623376623346,0.0012987012987013041,-0.0428571428571428,0.0,0.042857142857142844,0.05584415584415583,0.0,0.0,0.0
52.125,0.75,0.0,0.625,0.625,0.0,0.0,0.375,1.625,0.0,0.0,0.0,5.9880952380952355,0.119047619047619,0.0,0.20238095238095233,0.0357142857142857,0.0,0.0,0.059523809523809514,0.15476190476190474,0.0,0.0,0.0
53.833333333333336,0.3333333333333333,0.4166666666666667,0.3333333333333333,0.25,0.6666666666666666,0.0,0.08333333333333333,1.75,0.0,0.0,0.0,-1.7342657342657382,-0.027972027972028014,0.01048951048951047,0.013986013986013955,0.017482517482517473,0.07692307692307689,0.0,-0.024475524475524486,-0.03146853146853163,0.0,0.0,0.0
71.3157894736842,1.263157894736842,0.42105263157894735,2.0526315789473686,1.6842105263157894,0.15789473684210525,0.0,0.3684210526315789,1.6842105263157894,0.0,0.0,0.0,-0.029824561403508698,-0.054385964912280746,0.04912280701754387,0.07894736842105267,-0.010526315789473713,0.008771929824561406,0.0,-0.031578947368421054,-0.02807017543859649,0.0,0.0,0.0
54.892857142857146,1.5357142857142858,0.25,1.0,0.32142857142857145,0.32142857142857145,0.0,0.25,1.75,0.0,0.0,0.0,-0.3259441707717566,0.09222769567597153,-0.022714833059660648,0.009852216748768476,0.003557744937055281,0.01669403393541324,0.0,-0.009031198686371098,0.0019157088122605383,0.0,0.0,0.0
66.6,0.6,0.5,0.3,0.5,4.1,0.0,0.4,1.1,0.0,0.0,0.0,0.7272727272727223,0.060606060606060615,-0.1515151515151516,0.042424242424242434,0.0666666666666667,0.0909090909090907,0.0,-0.02424242424242427,0.06666666666666662,0.0,0.0,0.0
30.15,0.8,0.25,0.55,0.1,0.55,0.05,0.0,0.95,0.0,0.0,0.0,0.3045112781954889,0.07669172932330828,0.029323308270676696,0.02932330827067671,0.02105263157894736,-0.008270676691729296,0.01278195488721804,0.0,0.017293233082706794,0.0,0.0,0.0
62.857142857142854,0.42857142857142855,0.5714285714285714,1.1428571428571428,0.8571428571428571,0.0,0.0,0.2857142857142857,0.42857142857142855,0.0,0.0,0.0,-9.428571428571422,-0.10714285714285716,-0.25,-0.2857142857142856,0.0,0.0,0.0,-5.819149810470484e-18,-0.21428571428571425,0.0,0.0,0.0
48.666666666666664,0.8333333333333334,0.08333333333333333,0.0,0.8333333333333334,0.25,0.0,0.08333333333333333,0.75,0.0,0.0,0.0,5.741258741258739,0.10489510489510487,0.010489510489510483,0.0,0.24475524475524477,-0.0034965034965035164,0.0,0.010489510489510483,0.15734265734265732,0.0,0.0,0.0
53.0,1.1764705882352942,0.17647058823529413,1.0,0.5882352941176471,0.7058823529411765,0.0,0.11764705882352941,1.2941176470588236,0.0,0.0,0.0,-1.3455882352941213,0.07352941176470586,-0.04166666666666669,0.02941176470588231,-0.02696078431372551,-0.02205882352941183,0.0,-0.002450980392156873,0.02696078431372543,0.0,0.0,0.0
49.26315789473684,0.42105263157894735,0.15789473684210525,1.105263157894737,1.894736842105263,1.631578947368421,0.0,0.10526315789473684,0.631578947368421,0.0,0.0,0.0,-1.5912280701754393,-0.0035087719298245597,0.003508771929824561,-9.670121510415403e-18,-0.07368421052631577,-0.047368421052631574,0.0,-0.0017543859649122805,-0.0263157894736842,0.0,0.0,0.0
67.02857142857142,2.8285714285714287,0.5428571428571428,2.2285714285714286,0.42857142857142855,2.2,0.08571428571428572,0.14285714285714285,1.4857142857142858,0.0,0.0,0.0,-0.004201680672268541,0.042016806722689065,-0.026610644257703073,0.056302521008403356,0.006722689075630249,-0.059103641456582603,0.008123249299719887,0.007002801120448178,-0.03921568627450979,0.0,0.0,0.0
46.31578947368421,0.47368421052631576,0.47368421052631576,0.5789473684210527,1.0526315789473684,2.473684210526316,0.0,0.0,0.5789473684210527,0.0,0.0,0.0,-1.294736842105263,0.028070175438596485,-0.007017543859649125,-0.012280701754385991,-0.050877192982456194,-0.0578947368421053,0.0,0.0,-0.03508771929824562,0.0,0.0,0.0
41.785714285714285,0.6071428571428571,0.03571428571428571,0.35714285714285715,0.2857142857142857,0.25,0.03571428571428571,0.14285714285714285,0.8214285714285714,0.0,0.0,0.0,-0.4822112753147239,-0.0013683634373289574,-0.006294471811713192,-0.007115489874110564,0.011494252873563218,-0.01231527093596059,0.00629447181171319,-0.0005473453749315841,-0.003010399562123689,0.0,0.0,0.0
55.42857142857143,0.7857142857142857,0.2857142857142857,0.42857142857142855,0.5357142857142857,2.2142857142857144,0.03571428571428571,0.39285714285714285,0.7857142857142857,0.0,0.0,0.0,-1.221127531472359,-0.008210180623973738,0.0032840722495894887,-0.026819923371647524,0.04570333880678707,-0.038314176245210746,-0.004652435686918444,-0.04570333880678709,0.0016420361247947372,0.0,0.0,0.0
93.0952380952381,1.1428571428571428,0.38095238095238093,1.6666666666666667,1.1904761904761905,0.6666666666666666,0.047619047619047616,0.5714285714285714,1.3333333333333333,0.0,0.0,0.0,-2.4831168831168813,-0.033766233766233736,-0.0077922077922077835,0.0077922077922078494,-0.06753246753246754,-0.07142857142857138,-0.002597402597402595,-0.014285714285714263,-0.05584415584415584,0.0,0.0,0.0
50.53333333333333,0.9333333333333333,0.2,0.4666666666666667,0.5333333333333333,0.3333333333333333,0.0,0.2,1.0,0.0,0.0,0.0,-2.307142857142856,-0.10714285714285708,-0.035714285714285705,0.024999999999999988,-0.1107142857142857,-0.021428571428571422,0.0,-0.014285714285714292,0.02499999999999998,0.0,0.0,0.0
51.0,1.8823529411764706,0.17647058823529413,1.411764705882353,1.0,0.17647058823529413,0.11764705882352941,0.11764705882352941,1.0588235294117647,0.0,0.0,0.0,-5.051470588235296,-0.17156862745098042,-0.036764705882352956,-0.061274509803921635,-0.15931372549019618,-1.291685983161087e-17,-0.014705882352941185,-0.026960784313725516,-0.12990196078431376,0.0,0.0,0.0
129.29166666666666,3.6666666666666665,0.75,2.9583333333333335,2.5833333333333335,0.875,0.08333333333333333,0.5416666666666666,2.0416666666666665,0.0,0.0,0.0,1.9143478260869555,0.14260869565217393,0.013913043478260872,0.121304347826087,0.016521739130434754,-0.026521739130434797,-0.00521739130434783,-0.003913043478260884,0.07782608695652173,0.0,0.0,0.0
72.14285714285714,0.9285714285714286,0.14285714285714285,0.42857142857142855,0.7142857142857143,0.35714285714285715,0.0,0.07142857142857142,1.7857142857142858,0.0,0.0,0.0,-8.426373626373632,0.05934065934065933,0.004395604395604398,-0.004395604395604394,-0.07912087912087921,-0.08131868131868138,0.0,-0.01538461538461539,-0.20879120879120885,0.0,0.0,0.0
48.473684210526315,0.47368421052631576,0.2631578947368421,0.3157894736842105,0.10526315789473684,0.5789473684210527,0.0,0.05263157894736842,1.105263157894737,0.0,0.0,0.0,-2.1508771929824566,0.01403508771929825,-0.005263157894736847,-0.04210526315789475,0.008771929824561405,-0.054385964912280704,0.0,-0.015789473684210527,0.03508771929824563,0.0,0.0,0.0
71.625,1.6875,1.375,1.75,0.125,3.0625,0.0625,0.1875,2.4375,0.0,0.0,0.0,2.65,0.11617647058823531,0.04411764705882355,0.20882352941176469,0.01764705882352941,-0.13970588235294107,-0.016176470588235296,-0.013235294117647066,0.10147058823529415,0.0,0.0,0.0
45.074074074074076,1.0,0.037037037037037035,0.14814814814814814,0.6296296296296297,0.18518518518518517,0.0,0.037037037037037035,1.2222222222222223,0.0,0.0,0.0,-3.5946275946275965,-0.03968253968253969,-0.004273504273504275,-0.007326007326007327,-0.010989010989010981,-0.025641025641025647,0.0,-0.005494505494505497,-0.12637362637362637,0.0,0.0,0.0
34.77777777777778,0.7777777777777778,0.0,1.1111111111111112,0.3333333333333333,0.3333333333333333,0.0,0.2222222222222222,0.5555555555555556,0.0,0.0,0.0,0.8666666666666649,-1.2436985521695562e-16,0.0,0.16666666666666666,-0.1500000000000001,0.05,0.0,-0.03333333333333339,-0.08333333333333341,0.0,0.0,0.0
51.6875,1.4375,0.0625,1.3125,0.5625,0.4375,0.25,0.0625,0.5625,0.0,0.0,0.0,2.6514705882352954,0.05441176470588235,-0.004411764705882352,0.16029411764705884,-0.036764705882352935,-0.0426470588235294,0.032352941176470584,0.010294117647058825,0.024999999999999988,0.0,0.0,0.0
73.875,2.1875,0.0625,0.875,0.25,2.125,0.0,0.125,0.9375,0.0,0.0,0.0,-1.773529411764705,0.08970588235294122,0.007352941176470587,0.13235294117647056,-0.02941176470588235,-0.16764705882352945,0.0,0.029411764705882356,-0.004411764705882344,0.0,0.0,0.0
30.0,0.8181818181818182,0.09090909090909091,0.5454545454545454,0.09090909090909091,0.0,0.0,0.09090909090909091,0.8181818181818182,0.0,0.0,0.0,-0.8181818181818183,0.09999999999999996,-0.009090909090909094,0.018181818181818157,0.027272727272727264,0.0,0.0,-0.01818181818181818,0.09090909090909086,0.0,0.0,0.0
39.90909090909091,0.36363636363636365,0.09090909090909091,0.18181818181818182,0.09090909090909091,1.2727272727272727,0.0,0.18181818181818182,0.45454545454545453,0.0,0.0,0.0,-0.30000000000000215,-0.054545454545454564,-0.01818181818181818,0.036363636363636355,-0.027272727272727264,0.10909090909090904,0.0,-0.04545454545454545,-0.09090909090909087,0.0,0.0,0.0
79.58333333333333,3.1666666666666665,0.16666666666666666,1.3333333333333333,0.75,0.8333333333333334,0.0,0.08333333333333333,1.4166666666666667,0.0,0.0,0.0,8.241258741258736,0.4195804195804195,0.020979020979020966,0.27272727272727265,0.08041958041958037,0.12587412587412586,0.0,0.01748251748251748,0.21328671328671323,0.0,0.0,0.0
63.57142857142857,1.0357142857142858,1.0357142857142858,0.9642857142857143,0.39285714285714285,0.9285714285714286,0.0,0.14285714285714285,1.5,0.0,0.0,0.0,1.5402298850574712,0.06814449917898192,0.04734537493158182,0.09113300492610836,-0.005199781061850028,-0.005473453749315819,0.0,-0.007662835249042145,0.0010946907498631403,0.0,0.0,0.0
99.46666666666667,2.7,0.5666666666666667,2.7666666666666666,1.4,1.0,0.03333333333333333,0.43333333333333335,1.5666666666666667,0.0,0.0,0.0,-0.38264738598443,0.039822024471635104,0.016240266963292543,0.08075639599555061,0.07030033370411566,-0.06540600667408233,0.002447163515016686,0.0037819799777530512,0.007341490545050018,0.0,0.0,0.0
41.13333333333333,0.9333333333333333,0.06666666666666667,1.7333333333333334,0.0,0.13333333333333333,0.4666666666666667,0.0,1.3333333333333333,0.0,0.0,0.0,-1.2714285714285707,-0.01071428571428568,0.01785714285714285,0.02500000000000001,0.0,0.0035714285714285735,-0.00714285714285714,0.0,0.021428571428571422,0.0,0.0,0.0
110.9090909090909,2.090909090909091,0.2727272727272727,2.6363636363636362,2.909090909090909,1.2727272727272727,0.09090909090909091,0.09090909090909091,2.090909090909091,0.0,0.0,0.0,3.6636363636363645,-0.06363636363636356,0.09090909090909087,-0.08181818181818176,0.045454545454545525,0.13636363636363635,-0.027272727272727264,0.027272727272727264,0.09999999999999998,0.0,0.0,0.0
39.13636363636363,0.36363636363636365,0.7272727272727273,0.3181818181818182,0.5,0.6818181818181818,0.13636363636363635,0.045454545454545456,0.8636363636363636,0.0,0.0,0.0,-2.123658949745905,-0.04404291360813096,-0.03952569169960469,0.01863354037267082,-0.037831733483907344,-0.06719367588932798,0.0005646527385657894,-0.0005646527385657801,-0.07509881422924897,0.0,0.0,0.0
70.24,0.84,0.4,1.2,1.16,0.84,0.0,0.28,0.84,0.0,0.0,0.0,1.4276923076923098,-0.023076923076923047,-0.016923076923076912,0.04846153846153848,0.039230769230769236,-0.010769230769230753,0.0,0.02076923076923077,0.033846153846153866,0.0,0.0,0.0
28.083333333333332,0.9166666666666666,0.0,0.25,0.3333333333333333,0.25,0.0,0.08333333333333333,1.0833333333333333,0.0,0.0,0.0,0.6608391608391585,-0.0874125874125875,0.0,0.024475524475524483,0.07692307692307691,0.031468531468531465,0.0,-0.024475524475524486,-0.038461538461538554,0.0,0.0,0.0
65.2,0.9,0.7,1.0,1.7,0.1,0.0,0.3,1.6,0.0,0.0,0.0,-2.472727272727278,-0.07878787878787889,0.1151515151515152,-0.024242424242424336,-0.24848484848484878,0.030303030303030314,0.0,0.042424242424242434,-0.1696969696969699,0.0,0.0,0.0
65.11764705882354,1.2352941176470589,0.4117647058823529,1.7058823529411764,0.7058823529411765,0.29411764705882354,0.058823529411764705,0.47058823529411764,0.7647058823529411,0.0,0.0,0.0,-2.360294117647063,-0.017156862745098124,-0.05392156862745102,0.17156862745098037,-0.02205882352941183,-0.02696078431372551,0.0049019607843137246,-0.04166666666666672,-0.05392156862745103,0.0,0.0,0.0
40.8125,0.75,0.125,0.125,0.6875,0.25,0.0,0.3125,0.5625,0.0,0.0,0.0,-2.6397058823529407,0.0029411764705882483,0.0,0.0,-0.03970588235294118,0.005882352941176464,0.0,-0.01617647058823529,-0.016176470588235306,0.0,0.0,0.0
53.36,1.72,0.12,1.84,0.08,2.72,0.04,0.08,0.72,0.0,0.0,0.0,-1.4646153846153829,-0.05307692307692303,-0.002307692307692303,0.011538461538461577,0.004615384615384618,-0.09153846153846135,0.004615384615384613,0.002307692307692309,0.013846153846153859,0.0,0.0,0.0
59.064516129032256,1.0,0.5483870967741935,1.0,0.25806451612903225,0.5483870967741935,0.0,0.41935483870967744,1.4516129032258065,0.0,0.0,0.0,-2.3040322580645163,0.0096774193548387,-0.02620967741935486,-0.07943548387096779,-0.02580645161290324,-0.020161290322580665,0.0,-0.026209677419354864,-0.03024193548387099,0.0,0.0,0.0
48.714285714285715,0.2857142857142857,0.0,0.2857142857142857,0.14285714285714285,1.4285714285714286,0.0,0.2857142857142857,1.4285714285714286,0.0,0.0,0.0,-1.2499999999999976,-5.819149810470484e-18,0.0,0.0,0.0357142857142857,0.14285714285714282,0.0,0.03571428571428571,0.03571428571428572,0.0,0.0,0.0
55.54545454545455,1.0454545454545454,0.36363636363636365,0.7727272727272727,0.9090909090909091,2.3636363636363638,0.0,0.18181818181818182,0.9090909090909091,0.0,0.0,0.0,-0.6979107848673035,-0.07396950875211737,0.003387916431394706,-0.0005646527385657566,-0.08356860530773566,0.21908526256352345,0.0,-0.02936194240542066,0.01468097120271037,0.0,0.0,0.0
66.75,1.1,0.45,1.25,0.85,0.35,0.1,0.25,1.85,0.0,0.0,0.0,-5.713533834586464,-0.010526315789473627,-0.05789473684210524,-0.04736842105263154,-0.07744360902255637,-0.027819548872180445,0.018045112781954885,-0.030827067669172915,-0.19172932330827056,0.0,0.0,0.0
46.45,1.6,0.05,0.7,0.25,0.75,0.0,0.05,1.2,0.0,0.0,0.0,0.2654135338345876,0.13533834586466162,0.0112781954887218,0.10225563909774435,-0.0022556390977443524,-0.03834586466165412,0.0,0.006766917293233081,-0.03007518796992474,0.0,0.0,0.0
117.07692307692308,2.076923076923077,0.38461538461538464,1.3846153846153846,0.8846153846153846,0.2692307692307692,0.0,0.11538461538461539,3.0384615384615383,0.0,0.0,0.0,-0.8834188034188045,-0.05948717948717947,0.013675213675213675,-0.05333333333333333,0.0030769230769230726,0.007179487179487182,0.0,-0.006495726495726498,0.02564102564102566,0.0,0.0,0.0
91.625,0.75,0.75,1.125,0.25,1.0,0.0,0.0,2.875,0.0,0.0,0.0,5.488095238095237,0.238095238095238,0.0238095238095238,0.17857142857142855,0.0238095238095238,-0.04761904761904757,0.0,0.0,0.10714285714285732,0.0,0.0,0.0
35.388888888888886,1.1111111111111112,0.05555555555555555,0.7777777777777778,0.05555555555555555,0.2222222222222222,0.0,0.0,0.9444444444444444,0.0,0.0,0.0,-1.9308565531475752,-0.1217750257997936,-0.007223942208462337,-0.022703818369453038,-0.005159958720330239,-0.04127966976264191,0.0,0.0,0.04643962848297215,0.0,0.0,0.0
56.26086956521739,2.130434782608696,0.6521739130434783,1.3043478260869565,1.0434782608695652,0.5217391304347826,0.0,0.17391304347826086,1.2173913043478262,0.0,0.0,0.0,-1.8013833992094872,-0.03853754940711458,-0.02272727272727272,0.12648221343873522,-0.13043478260869582,-0.04644268774703559,0.0,0.002964426877470359,-0.01284584980237151,0.0,0.0,0.0
68.82352941176471,1.7647058823529411,0.11764705882352941,2.176470588235294,0.7058823529411765,0.8235294117647058,0.0,0.058823529411764705,0.8823529411764706,0.0,0.0,0.0,1.828431372549017,0.088235294117647,0.007352941176470586,0.07107843137254892,0.026960784313725467,0.024509803921568592,0.0,-6.099628253816245e-18,0.03431372549019602,0.0,0.0,0.0
62.65217391304348,1.7391304347826086,0.34782608695652173,1.0434782608695652,0.7391304347826086,0.8695652173913043,0.0,0.13043478260869565,1.3478260869565217,0.0,0.0,0.0,-1.433794466403162,0.030632411067193693,-0.009881422924901179,-0.08893280632411064,0.0049407114624505965,-0.027667984189723358,0.0,-0.011857707509881419,-0.021739130434782625,0.0,0.0,0.0
32.0,0.375,0.25,0.125,0.125,0.125,0.0,0.0,1.25,0.0,0.0,0.0,2.788235294117648,0.029411764705882346,0.02941176470588235,0.02647058823529412,-0.002941176470588238,-0.005882352941176466,0.0,0.0,0.10588235294117648,0.0,0.0,0.0
60.12,0.76,0.32,1.12,0.84,0.96,0.08,0.2,1.16,0.0,0.0,0.0,0.8807692307692313,-0.019999999999999962,-0.01384615384615384,-0.009999999999999966,0.019230769230769242,0.0746153846153846,-0.0007692307692307671,0.006923076923076928,0.07615384615384616,0.0,0.0,0.0
75.0,2.4615384615384617,0.15384615384615385,2.230769230769231,0.15384615384615385,0.7692307692307693,0.0,0.15384615384615385,1.3846153846153846,0.0,0.0,0.0,1.1373626373626413,0.24725274725274737,0.016483516483516487,0.3791208791208791,-0.032967032967032954,-0.08241758241758237,0.0,-0.005494505494505482,0.02747252747252755,0.0,0.0,0.0
129.88888888888889,2.2777777777777777,0.9444444444444444,0.3888888888888889,4.111111111111111,2.0,0.05555555555555555,0.3333333333333333,3.611111111111111,0.0,0.0,0.0,-2.3735810113519125,0.06707946336429313,0.04231166150670794,-0.0010319917440660493,-0.20639834881320965,-0.10113519091847271,0.005159958720330237,-0.04334365325077401,-0.11455108359133126,0.0,0.0,0.0
55.111111111111114,1.1111111111111112,0.1111111111111111,0.9444444444444444,0.2222222222222222,1.6666666666666667,0.9444444444444444,0.16666666666666666,0.9444444444444444,0.0,0.0,0.0,-1.3622291021671842,0.012383900928792593,0.006191950464396287,0.0010319917440660257,-0.014447884416924664,-0.13003095975232204,-0.029927760577915397,-0.009287925696594436,-0.06295149638802897,0.0,0.0,0.0
63.666666666666664,1.8333333333333333,0.5555555555555556,1.3333333333333333,0.8333333333333334,0.5,0.7777777777777778,0.1111111111111111,0.9444444444444444,0.0,0.0,0.0,-1.186790505675957,0.03199174406604744,0.047471620227038186,-0.0061919504643963225,0.05675954592363263,0.027863777089783288,-0.14654282765737878,-0.006191950464396289,0.023735810113519117,0.0,0.0,0.0
67.55555555555556,1.7777777777777777,0.1111111111111111,1.4444444444444444,1.1111111111111112,1.0,0.0,0.0,0.7777777777777778,0.0,0.0,0.0,-7.900000000000008,0.18333333333333332,-0.03333333333333334,0.016666666666666555,-0.366666666666667,-0.2500000000000001,0.0,0.0,-1.0882362331483617e-16,0.0,0.0,0.0
49.5609756097561,0.5609756097560976,0.4878048780487805,1.2682926829268293,0.4146341463414634,0.5853658536585366,0.0,0.24390243902439024,1.0731707317073171,0.0,0.0,0.0,-0.44181184668989515,0.004006968641114984,-0.0013937282229965194,0.021951219512195117,0.01010452961672474,-0.033449477351916355,0.0,-0.007317073170731707,-0.019512195121951213,0.0,0.0,0.0
71.76,1.28,0.08,0.56,0.4,0.88,0.0,0.16,2.08,0.0,0.0,0.0,1.772307692307693,0.05846153846153847,0.013846153846153845,0.0023076923076923157,-0.015384615384615372,0.01692307692307694,0.0,-0.006923076923076923,0.04923076923076926,0.0,0.0,0.0
76.73333333333333,1.2,0.4,0.4666666666666667,1.7333333333333334,0.6666666666666666,0.0,0.13333333333333333,1.9333333333333333,0.0,0.0,0.0,-7.496428571428578,-0.10357142857142851,-0.0071428571428571504,0.007142857142857133,-0.2,-0.08571428571428573,0.0,-0.007142857142857138,-0.05000000000000002,0.0,0.0,0.0
64.55555555555556,0.7777777777777778,0.2222222222222222,0.6666666666666666,0.0,1.1111111111111112,0.0,0.2222222222222222,0.5555555555555556,0.0,0.0,0.0,1.0666666666666613,0.09999999999999996,0.10000000000000002,0.16666666666666669,0.0,-0.3166666666666668,0.0,-3.1092463804238905e-17,0.15000000000000002,0.0,0.0,0.0
113.47826086956522,2.0869565217391304,0.7391304347826086,0.6956521739130435,0.8695652173913043,2.5217391304347827,0.0,0.17391304347826086,2.130434782608696,0.0,0.0,0.0,-2.3330039525691673,-0.04347826086956516,-0.03458498023715416,-0.05237154150197628,-0.019762845849802348,-0.02272727272727268,0.0,0.0009881422924901226,-0.0790513833992094,0.0,0.0,0.0
42.72727272727273,0.8181818181818182,0.36363636363636365,0.8181818181818182,0.9090909090909091,0.0,0.0,0.45454545454545453,1.6363636363636365,0.0,0.0,0.0,3.3545454545454536,0.05454545454545454,5.6582204636959675e-18,0.27272727272727265,0.018181818181818167,0.0,0.0,0.08181818181818179,0.06363636363636356,0.0,0.0,0.0
79.27272727272727,2.4545454545454546,0.36363636363636365,1.6363636363636365,0.6363636363636364,0.7272727272727273,0.0,0.45454545454545453,0.5454545454545454,0.0,0.0,0.0,-5.272727272727274,-0.009090909090909061,-0.018181818181818174,-0.10000000000000006,-0.009090909090909094,-0.06363636363636364,0.0,-0.009090909090909084,-3.39493227821758e-17,0.0,0.0,0.0
81.61538461538461,1.8461538461538463,0.07692307692307693,0.23076923076923078,0.7692307692307693,2.0,0.07692307692307693,0.23076923076923078,2.3846153846153846,0.0,0.0,0.0,1.3791208791208867,0.032967032967033134,0.010989010989010993,0.016483516483516505,0.11538461538461542,-0.005494505494505334,-0.01648351648351648,0.01648351648351649,-0.07142857142857122,0.0,0.0,0.0
86.22727272727273,2.3636363636363638,0.3181818181818182,0.5,0.5,0.6363636363636364,0.045454545454545456,0.13636363636363635,1.3636363636363635,0.0,0.0,0.0,1.8582721626199914,0.05985319028797297,0.0536420101637493,0.018633540372670825,0.009599096555618325,-0.012422360248447182,0.0062111801242236,-0.0016939582156973412,-0.005646527385657736,0.0,0.0,0.0
86.3125,1.25,0.375,0.5,1.1875,1.0,0.0,0.25,3.0,0.0,0.0,0.0,1.8250000000000008,0.06470588235294117,-0.038235294117647076,-6.305643054894281e-18,-0.004411764705882319,0.06176470588235296,0.0,-0.011764705882352938,0.0029411764705882548,0.0,0.0,0.0
67.1875,1.125,0.5625,1.125,1.4375,0.25,0.0,0.5,1.875,0.0,0.0,0.0,-0.17794117647058805,0.14117647058823532,0.03382352941176472,0.08235294117647059,-0.10147058823529413,0.0029411764705882405,0.0,0.03529411764705883,0.017647058823529425,0.0,0.0,0.0
34.26315789473684,0.8947368421052632,0.21052631578947367,0.42105263157894735,0.9473684210526315,0.05263157894736842,0.0,0.0,1.0526315789473684,0.0,0.0,0.0,1.3631578947368426,0.0035087719298245745,0.008771929824561408,0.012280701754385972,0.03684210526315791,-0.012280701754385963,0.0,0.0,0.003508771929824584,0.0,0.0,0.0
60.806451612903224,1.6774193548387097,0.4838709677419355,1.6129032258064515,0.2903225806451613,0.6451612903225806,0.0,0.16129032258064516,1.6451612903225807,0.0,0.0,0.0,1.347177419354838,0.013709677419354825,0.024999999999999998,0.09516129032258067,0.037096774193548385,0.008064516129032256,0.0,0.011693548387096775,-0.002016129032258091,0.0,0.0,0.0
107.5,1.7857142857142858,0.5,0.7142857142857143,0.9285714285714286,5.214285714285714,0.07142857142857142,0.5,2.2857142857142856,0.0,0.0,0.0,-1.2593406593406595,0.019780219780219755,0.010989010989010999,0.12307692307692313,-0.05934065934065936,-0.11648351648351657,0.01098901098901099,0.0021978021978021835,-0.11868131868131872,0.0,0.0,0.0
66.66666666666667,1.4074074074074074,0.3333333333333333,1.6296296296296295,1.0,0.5555555555555556,0.037037037037037035,0.37037037037037035,1.3703703703703705,0.0,0.0,0.0,1.6349206349206362,0.06166056166056168,0.03235653235653237,0.11660561660561662,-0.026251526251526252,0.02075702075702076,0.0012210012210012214,0.03052503052503054,-0.010989010989010981,0.0,0.0,0.0
76.12121212121212,1.5454545454545454,0.8787878787878788,1.1515151515151516,0.3939393939393939,0.9393939393939394,0.0,0.15151515151515152,1.0909090909090908,0.0,0.0,0.0,-0.5247326203208562,-0.031082887700534724,0.0160427807486631,0.0658422459893048,-0.015374331550802128,-0.05447860962566842,0.0,-0.005347593582887696,-0.057152406417112306,0.0,0.0,0.0
90.38888888888889,3.888888888888889,0.3888888888888889,1.7222222222222223,1.0,1.3888888888888888,0.0,0.2777777777777778,1.5555555555555556,0.0,0.0,0.0,1.0970072239422095,-0.2043343653250774,0.019607843137254923,-0.04850361197110427,-0.041279669762641906,0.029927760577915387,0.0,0.03611971104231167,0.07223942208462336,0.0,0.0,0.0
106.5,2.3333333333333335,0.6666666666666666,2.9166666666666665,2.9166666666666665,1.3333333333333333,0.0,0.4166666666666667,1.8333333333333333,0.0,0.0,0.0,0.09090909090908547,0.22377622377622364,0.0489510489510489,0.12237762237762213,-0.19930069930069952,0.16083916083916078,0.0,0.01748251748251744,-0.0419580419580421,0.0,0.0,0.0
68.84615384615384,3.0,0.4230769230769231,1.2307692307692308,0.8461538461538461,0.5384615384615384,0.46153846153846156,0.11538461538461539,1.0,0.0,0.0,0.0,0.8294017094017097,0.008888888888888901,-0.014017094017094027,0.017777777777777778,0.01777777777777775,0.032820512820512834,0.006837606837606836,0.005811965811965814,0.009572649572649573,0.0,0.0,0.0
63.064516129032256,1.1935483870967742,0.12903225806451613,0.8709677419354839,1.1935483870967742,0.9354838709677419,0.0,0.12903225806451613,1.064516129032258,0.0,0.0,0.0,-0.9233870967741947,0.011290322580645145,0.005645161290322578,-0.0016129032258064655,-0.08346774193548391,-0.04516129032258068,0.0,-0.0036290322580645224,0.026209677419354826,0.0,0.0,0.0
48.75,1.3125,0.25,0.9375,0.3125,0.1875,0.0,0.0625,1.25,0.0,0.0,0.0,-0.21764705882352967,-0.039705882352941174,0.011764705882352946,0.12205882352941178,0.010294117647058825,0.013235294117647064,0.0,0.001470588235294116,-0.011764705882352905,0.0,0.0,0.0
34.333333333333336,0.2,0.2,0.7333333333333333,0.06666666666666667,0.4666666666666667,0.0,0.06666666666666667,1.1333333333333333,0.0,0.0,0.0,-0.5249999999999998,0.0035714285714285683,-0.017857142857142846,0.075,0.01071428571428571,-0.09285714285714283,0.0,-0.014285714285714284,0.05714285714285713,0.0,0.0,0.0
49.30434782608695,1.1304347826086956,0.08695652173913043,1.8695652173913044,0.2608695652173913,1.0869565217391304,0.0,0.17391304347826086,1.0,0.0,0.0,0.0,-1.6571146245059294,-0.0454545454545455,0.011857707509881426,-0.05928853754940707,-0.03359683794466403,0.015810276679841945,0.0,-0.026679841897233228,-0.05138339920948621,0.0,0.0,0.0
58.233333333333334,0.8666666666666667,0.16666666666666666,0.9,0.7,0.5,0.0,0.1,1.5333333333333334,0.0,0.0,0.0,1.4551724137931032,0.010233592880978862,0.011790878754171303,-0.034482758620689676,-0.02602892102335931,0.029588431590656286,0.0,0.004671857619577308,0.02714126807563958,0.0,0.0,0.0
48.111111111111114,0.8333333333333334,0.3888888888888889,1.1666666666666667,0.05555555555555555,0.8888888888888888,0.0,0.2222222222222222,0.5555555555555556,0.0,0.0,0.0,-2.138286893704851,0.034055727554179564,-0.0051599587203302365,-0.025799793601651175,-0.0030959752321981443,-0.130030959752322,0.0,-5.255585614828983e-18,-0.05159958720330237,0.0,0.0,0.0
57.47826086956522,1.3043478260869565,0.6521739130434783,1.9565217391304348,1.0434782608695652,1.0434782608695652,0.08695652173913043,0.08695652173913043,0.9565217391304348,0.0,0.0,0.0,-3.190711462450593,0.035573122529644306,-0.0543478260869565,-0.026679841897233134,0.03754940711462453,-0.034584980237154124,0.01086956521739131,-0.014822134387351782,-0.10177865612648225,0.0,0.0,0.0
39.42857142857143,1.7857142857142858,0.21428571428571427,2.2142857142857144,0.0,0.42857142857142855,0.21428571428571427,0.14285714285714285,1.2142857142857142,0.0,0.0,0.0,0.6769230769230783,-0.05934065934065947,0.01098901098901098,-0.07252747252747256,0.0,0.035164835164835165,0.002197802197802201,-0.004395604395604398,-0.02857142857142863,0.0,0.0,0.0
80.94736842105263,1.736842105263158,0.42105263157894735,0.9473684210526315,0.42105263157894735,3.210526315789474,0.0,0.10526315789473684,1.4736842105263157,0.0,0.0,0.0,2.6508771929824575,0.02280701754385968,-0.06315789473684211,-0.0754385964912281,0.026315789473684223,0.22631578947368425,0.0,-0.005263157894736843,-0.00877192982456139,0.0,0.0,0.0
67.55172413793103,1.5862068965517242,0.27586206896551724,1.7241379310344827,0.3793103448275862,0.3793103448275862,0.0,0.10344827586206896,1.6896551724137931,0.0,0.0,0.0,-1.1645320197044329,0.0034482758620689685,0.00492610837438424,-0.03448275862068963,-0.013793103448275858,-0.032512315270935954,0.0,-0.011822660098522161,0.03842364532019704,0.0,0.0,0.0
191.63636363636363,2.8181818181818183,0.36363636363636365,4.409090909090909,2.1818181818181817,2.6818181818181817,0.0,0.5454545454545454,3.409090909090909,0.0,0.0,0.0,2.542066629023159,0.10728402032749865,-0.04404291360813097,0.0028232636928291533,0.14793901750423494,0.07848673066064381,0.0,-0.04630152456239408,0.0005646527385658955,0.0,0.0,0.0
78.19354838709677,1.1612903225806452,0.16129032258064516,0.6774193548387096,0.7096774193548387,0.9354838709677419,0.12903225806451613,0.12903225806451613,1.3870967741935485,0.0,0.0,0.0,-1.4572580645161304,0.013306451612903216,0.018548387096774192,-0.02419354838709678,-0.0217741935483871,-0.0016129032258064746,0.006451612903225807,-0.0012096774193548388,-0.002419354838709712,0.0,0.0,0.0
97.72727272727273,0.9090909090909091,0.45454545454545453,1.2727272727272727,0.5454545454545454,4.818181818181818,0.09090909090909091,0.18181818181818182,1.1818181818181819,0.0,0.0,0.0,8.281818181818176,0.018181818181818167,0.17272727272727267,0.09999999999999992,0.10909090909090904,0.9454545454545452,-0.027272727272727264,0.009090909090909078,-0.10909090909090911,0.0,0.0,0.0
70.24,1.88,0.4,2.04,0.32,2.32,0.04,0.2,1.2,0.0,0.0,0.0,2.320769230769231,-0.015384615384615358,0.030769230769230767,0.02153846153846159,0.015384615384615387,0.11076923076923079,-0.003846153846153846,0.01615384615384615,0.023076923076923106,0.0,0.0,0.0
114.04761904761905,3.9047619047619047,0.19047619047619047,2.238095238095238,0.9047619047619048,4.0476190476190474,0.0,0.3333333333333333,2.5714285714285716,0.0,0.0,0.0,4.202597402597401,-0.053246753246753264,0.005194805194805193,0.10779220779220781,0.1948051948051947,0.04415584415584411,0.0,-0.00909090909090913,-0.10389610389610386,0.0,0.0,0.0
50.24,0.56,0.08,0.84,0.04,0.28,0.0,0.16,1.0,0.0,0.0,0.0,2.093846153846154,0.06615384615384615,0.006153846153846156,-0.0038461538461538394,0.00846153846153846,-0.01846153846153846,0.0,-0.016923076923076916,0.10461538461538461,0.0,0.0,0.0
82.11538461538461,1.2692307692307692,0.34615384615384615,0.7692307692307693,1.5,1.1153846153846154,0.0,0.2692307692307692,1.5384615384615385,0.0,0.0,0.0,0.3169230769230749,0.06871794871794873,0.02017094017094017,0.03487179487179486,0.06666666666666667,-0.037948717948717944,0.0,-0.005811965811965817,-0.0034188034188034483,0.0,0.0,0.0
117.0,2.3529411764705883,1.1176470588235294,1.1176470588235294,3.5294117647058822,1.7058823529411764,0.058823529411764705,0.11764705882352941,1.411764705882353,0.0,0.0,0.0,1.3627450980392124,-0.03431372549019615,0.18872549019607843,-3.444495955096232e-17,-0.007352941176470889,-0.14215686274509817,0.012254901960784315,0.02696078431372549,0.01960784313725483,0.0,0.0,0.0
36.5,0.25,0.0,0.375,0.5,3.125,0.0,0.375,0.0,0.0,0.0,0.0,-3.142857142857141,9.383097129595136e-18,0.0,-0.08333333333333325,-2.814929138878541e-17,0.10714285714285712,0.0,-0.08333333333333325,0.0,0.0,0.0,0.0
45.63636363636363,0.8181818181818182,0.18181818181818182,0.8181818181818182,0.2727272727272727,1.3636363636363635,0.0,0.0,0.9090909090909091,0.0,0.0,0.0,-2.209090909090909,0.13636363636363633,0.018181818181818184,-0.05454545454545458,0.06363636363636363,-0.09090909090909091,0.0,0.0,-0.05454545454545452,0.0,0.0,0.0
57.23076923076923,0.38461538461538464,0.6923076923076923,1.1538461538461537,0.23076923076923078,5.615384615384615,0.0,0.07692307692307693,0.6153846153846154,0.0,0.0,0.0,-3.4450549450549426,-0.010989010989010967,0.005494505494505517,0.18131868131868134,-0.04945054945054942,-0.5549450549450543,0.0,0.016483516483516487,-0.07692307692307689,0.0,0.0,0.0
65.16666666666667,2.5,0.5833333333333334,1.5,0.16666666666666666,1.1666666666666667,0.0,0.16666666666666666,1.9166666666666667,0.0,0.0,0.0,0.18881118881118417,0.22377622377622355,0.08041958041958039,0.1328671328671328,0.03496503496503496,-0.181818181818182,0.0,0.013986013986013976,-0.05944055944055966,0.0,0.0,0.0
168.875,3.25,0.0,3.125,2.125,1.125,0.125,0.25,2.875,0.0,0.0,0.0,-22.94047619047617,-0.4999999999999997,0.0,-0.36904761904761907,-0.5119047619047615,-0.3214285714285713,-0.0357142857142857,-0.0714285714285714,-0.5119047619047613,0.0,0.0,0.0
31.36,0.84,0.28,0.8,0.2,0.08,0.0,0.08,0.84,0.0,0.0,0.0,-0.31846153846153763,0.013076923076923094,0.0030769230769230813,0.05538461538461539,0.031538461538461536,-0.002307692307692304,0.0,0.002307692307692309,-0.013846153846153833,0.0,0.0,0.0
91.23529411764706,3.7058823529411766,0.0,2.1176470588235294,1.0588235294117647,0.8823529411764706,0.0,0.29411764705882354,1.1176470588235294,0.0,0.0,0.0,1.4852941176470538,0.2696078431372548,0.0,-0.06617647058823536,0.12745098039215685,0.03431372549019602,0.0,-0.036764705882352984,0.04901960784313722,0.0,0.0,0.0
58.0,1.3,0.2,0.4,1.4,0.3,0.0,0.3,1.8,0.0,0.0,0.0,-3.1272727272727354,0.12727272727272726,-0.0363636363636364,0.07272727272727274,-0.20606060606060636,0.05454545454545455,0.0,0.06666666666666668,-0.15757575757575779,0.0,0.0,0.0
46.166666666666664,0.25,0.16666666666666666,0.08333333333333333,0.25,3.0,0.0,0.08333333333333333,0.4166666666666667,0.0,0.0,0.0,-1.0349650349650386,0.03846153846153846,-0.006993006993007006,0.03146853146853148,0.024475524475524462,-0.20979020979021012,0.0,0.0034965034965034896,0.02447552447552445,0.0,0.0,0.0
65.875,1.25,0.25,2.25,0.0,0.0,0.0,0.125,1.125,0.0,0.0,0.0,-12.821428571428562,0.0952380952380953,-0.02380952380952382,0.23809523809523805,0.0,0.0,0.0,-0.01190476190476189,-0.29761904761904745,0.0,0.0,0.0
82.6,1.0,0.13333333333333333,1.2,0.2,1.5333333333333334,0.0,0.3333333333333333,0.8,0.0,0.0,0.0,-6.860714285714288,0.03571428571428572,0.02857142857142856,-0.042857142857142844,-0.03214285714285714,0.010714285714285707,0.0,-0.06785714285714282,-0.0035714285714285718,0.0,0.0,0.0
77.25,0.875,0.0,1.125,0.625,3.25,0.0,0.125,0.875,0.0,0.0,0.0,-8.333333333333327,0.0595238095238095,0.0,-0.20238095238095227,0.10714285714285712,-0.35714285714285693,0.0,-0.0357142857142857,0.05952380952380954,0.0,0.0,0.0
65.85,0.85,0.7,1.0,1.15,0.2,0.05,0.2,1.25,0.0,0.0,0.0,3.6398496240601506,0.1195488721804511,0.009022556390977463,0.17142857142857137,-0.000751879699248078,-0.00451127819548871,0.008270676691729326,-0.01804511278195487,0.05187969924812031,0.0,0.0,0.0
73.53846153846153,2.0,0.07692307692307693,0.5384615384615384,0.9230769230769231,2.4615384615384617,0.0,0.23076923076923078,1.3846153846153846,0.0,0.0,0.0,-3.0714285714285694,0.09340659340659349,-0.005494505494505487,-0.03296703296703293,-0.043956043956043855,-0.09340659340659321,0.0,0.03296703296703299,-0.016483516483516366,0.0,0.0,0.0
78.8076923076923,1.0,0.38461538461538464,0.38461538461538464,0.38461538461538464,0.9615384615384616,0.0,0.07692307692307693,2.269230769230769,0.0,0.0,0.0,-0.18153846153846195,0.01572649572649571,0.019145299145299145,0.019145299145299152,0.0006837606837606787,0.035897435897435895,0.0,0.01230769230769231,-0.09264957264957266,0.0,0.0,0.0
40.5,1.0714285714285714,0.21428571428571427,0.0,0.2857142857142857,0.5714285714285714,0.0,0.07142857142857142,1.4285714285714286,0.0,0.0,0.0,-0.09010989010989061,-0.01978021978021983,-0.010989010989010999,0.0,-0.017582417582417593,0.03076923076923078,0.0,-0.019780219780219783,-0.05274725274725279,0.0,0.0,0.0
58.6,0.3,0.1,1.4,0.5,1.1,0.0,0.1,0.6,0.0,0.0,0.0,0.9696969696969652,0.09090909090909095,-0.04242424242424247,0.2181818181818182,0.1151515151515152,0.04242424242424238,0.0,-0.04242424242424247,-2.630557450796067e-17,0.0,0.0,0.0
42.791666666666664,0.625,0.3333333333333333,0.5416666666666666,0.3333333333333333,0.041666666666666664,0.041666666666666664,0.20833333333333334,1.1666666666666667,0.0,0.0,0.0,0.022173913043478124,-0.010869565217391314,0.00956521739130435,-0.04304347826086959,0.028695652173913046,-0.006521739130434784,-0.005652173913043479,-0.002173913043478262,0.037391304347826095,0.0,0.0,0.0
29.454545454545453,0.36363636363636365,0.09090909090909091,0.7272727272727273,0.18181818181818182,0.09090909090909091,0.0,0.0,0.45454545454545453,0.0,0.0,0.0,-1.3454545454545461,0.05454545454545452,-0.036363636363636355,-3.39493227821758e-17,-2.8291102318479838e-18,0.036363636363636355,0.0,0.0,-0.06363636363636363,0.0,0.0,0.0
48.25,0.8,0.65,1.4,0.7,0.75,0.0,0.05,1.15,0.0,0.0,0.0,1.018796992481205,-0.04360902255639092,0.051879699248120296,0.02406015037593989,-0.07819548872180446,0.017293233082706777,0.0,-0.003759398496240599,-0.02932330827067663,0.0,0.0,0.0
50.64705882352941,0.5294117647058824,0.4117647058823529,0.6470588235294118,0.9411764705882353,0.29411764705882354,0.0,0.058823529411764705,0.47058823529411764,0.0,0.0,0.0,-1.5367647058823548,0.01470588235294115,-0.0024509803921568853,0.07598039215686277,-0.05147058823529423,-0.034313725490196095,0.0,-0.004901960784313732,-0.007352941176470617,0.0,0.0,0.0
51.53846153846154,0.8461538461538461,0.0,1.0769230769230769,1.0,1.5384615384615385,0.0,0.23076923076923078,0.7692307692307693,0.0,0.0,0.0,4.225274725274728,0.016483516483516522,0.0,0.14285714285714285,0.02747252747252753,0.10439560439560444,0.0,0.032967032967032975,0.03846153846153851,0.0,0.0,0.0
59.333333333333336,1.8333333333333333,0.3333333333333333,0.5833333333333334,0.25,0.5,0.0,0.08333333333333333,2.0833333333333335,0.0,0.0,0.0,-1.1258741258741278,-0.006993006993007132,0.04895104895104894,-0.04545454545454552,0.017482517482517473,0.027972027972027934,0.0,0.03146853146853148,-0.10839160839160855,0.0,0.0,0.0
63.36666666666667,1.4,0.36666666666666664,1.1666666666666667,0.9333333333333333,1.7,1.8333333333333333,0.06666666666666667,1.1333333333333333,0.0,0.0,0.0,-2.347719688542827,-0.0587319243604005,-0.01802002224694107,-0.01579532814238046,-0.047608453837597355,-0.09632925472747507,-0.03937708565072306,-0.00578420467185762,-0.078309232480534,0.0,0.0,0.0
137.1,4.6,0.4,7.4,1.1,1.5,0.1,0.3,1.4,0.0,0.0,0.0,-7.230303030303039,0.08484848484848448,-2.630557450796067e-17,0.32727272727272694,-0.27272727272727293,-0.1393939393939396,-0.0060606060606060675,-0.042424242424242455,-0.03636363636363641,0.0,0.0,0.0
113.325,1.45,0.325,2.075,3.1,3.35,0.025,0.225,1.775,0.0,0.0,0.0,-1.568386491557222,0.016322701688555347,-0.013227016885553458,-0.012101313320825513,-0.018949343339587248,-0.10243902439024391,-0.0010318949343339585,-0.004033771106941836,-0.014915572232645382,0.0,0.0,0.0
59.645161290322584,2.0,0.3548387096774194,0.8387096774193549,1.064516129032258,0.3548387096774194,0.0,0.2903225806451613,1.0,0.0,0.0,0.0,-0.21895161290322585,0.02540322580645162,-0.007661290322580648,0.045564516129032256,-0.0020161290322580684,0.013709677419354839,0.0,0.0008064516129032247,-0.004838709677419365,0.0,0.0,0.0
92.13333333333334,0.7333333333333333,2.0,0.6666666666666666,2.2,1.2,0.0,0.3333333333333333,1.6,0.0,0.0,0.0,-5.971428571428567,0.08214285714285711,0.039285714285714264,0.01428571428571429,-0.075,-0.1857142857142856,0.0,0.007142857142857145,-0.014285714285714301,0.0,0.0,0.0
125.8974358974359,3.0,0.28205128205128205,1.435897435897436,1.8461538461538463,1.4871794871794872,0.02564102564102564,0.5897435897435898,2.2564102564102564,0.0,0.0,0.0,-0.8218623481781382,-0.0275303643724696,0.010931174089068825,0.034615384615384624,-0.025506072874493933,0.019230769230769235,-0.0008097165991902833,0.001012145748987846,0.0016194331983805615,0.0,0.0,0.0
72.08823529411765,0.9411764705882353,0.4411764705882353,1.088235294117647,0.9117647058823529,1.6470588235294117,0.0,0.14705882352941177,1.1470588235294117,0.0,0.0,0.0,-0.7705118411000765,0.015278838808250582,-0.011459129106187927,0.018181818181818184,-0.0536287242169595,-0.05408708938120704,0.0,-0.0004583651642475162,-0.026126814362108456,0.0,0.0,0.0
69.06896551724138,0.896551724137931,0.3103448275862069,0.3448275862068966,0.5172413793103449,0.6551724137931034,0.0,0.20689655172413793,1.0,0.0,0.0,0.0,2.0246305418719226,0.024630541871921194,-0.013793103448275862,0.04285714285714285,0.06453201970443347,0.0753694581280788,0.0,-0.0014778325123152715,0.000985221674876862,0.0,0.0,0.0
61.43478260869565,0.8260869565217391,0.17391304347826086,0.5652173913043478,0.2608695652173913,0.43478260869565216,0.0,0.0,1.391304347826087,0.0,0.0,0.0,1.2411067193675904,-0.010869565217391276,-0.0019762845849802336,0.03754940711462453,0.003952569169960482,0.0306324110671937,0.0,0.0,0.022727272727272773,0.0,0.0,0.0
48.0,2.3333333333333335,0.0,1.6666666666666667,1.0,0.3333333333333333,0.5,0.0,0.3333333333333333,0.0,0.0,0.0,-9.028571428571428,-0.2857142857142857,0.0,-0.28571428571428564,-0.28571428571428564,-0.17142857142857146,-0.14285714285714282,0.0,0.05714285714285715,0.0,0.0,0.0
80.38095238095238,1.5238095238095237,0.42857142857142855,0.5238095238095238,1.619047619047619,1.1428571428571428,0.0,0.14285714285714285,1.0476190476190477,0.0,0.0,0.0,0.5246753246753252,0.07922077922077922,0.0051948051948052,0.03636363636363636,0.06493506493506493,0.09999999999999998,0.0,0.011688311688311684,0.05974025974025973,0.0,0.0,0.0
98.37777777777778,1.6888888888888889,0.6666666666666666,2.1777777777777776,0.9555555555555556,0.5333333333333333,0.022222222222222223,0.13333333333333333,2.2444444444444445,0.0,0.0,0.0,0.757312252964428,0.0430830039525692,0.003425559947299084,0.06969696969696973,0.014361001317523065,0.0017127799736495401,0.0021080368906455866,0.00816864295125165,0.05111989459815549,0.0,0.0,0.0
48.714285714285715,0.6190476190476191,0.047619047619047616,0.2857142857142857,0.47619047619047616,0.9523809523809523,0.0,0.23809523809523808,1.0476190476190477,0.0,0.0,0.0,-0.40519480519480366,0.0025974025974026,0.006493506493506491,-0.01558441558441557,0.01428571428571429,-0.04675324675324675,0.0,-0.02597402597402595,0.016883116883116875,0.0,0.0,0.0
96.0,0.6363636363636364,0.045454545454545456,3.3636363636363638,0.6363636363636364,2.090909090909091,0.0,0.09090909090909091,1.4090909090909092,0.0,0.0,0.0,-2.1931112365894916,0.029361942405420685,0.007340485601355164,0.1705251270468662,0.004517221908526285,-0.2089215132693391,0.0,0.0045172219085262595,-0.12140033879164303,0.0,0.0,0.0
140.0,4.478260869565218,0.08695652173913043,4.565217391304348,1.2173913043478262,1.565217391304348,0.21739130434782608,0.13043478260869565,4.478260869565218,0.0,0.0,0.0,-0.41600790513833713,0.10671936758893297,-1.8022056201371248e-18,0.1501976284584982,0.02371541501976291,-0.05830039525691694,-0.013833992094861655,-0.006916996047430833,-0.06422924901185757,0.0,0.0,0.0
81.82352941176471,1.588235294117647,0.17647058823529413,0.6470588235294118,1.1176470588235294,0.5882352941176471,0.0,0.058823529411764705,2.5294117647058822,0.0,0.0,0.0,-1.0980392156862777,0.012254901960784275,-0.004901960784313739,0.03186274509803919,-0.024509803921568655,0.019607843137254884,0.0,-0.0024509803921568636,-0.05392156862745105,0.0,0.0,0.0
59.0,1.1538461538461537,0.23076923076923078,1.9230769230769231,0.07692307692307693,0.38461538461538464,0.0,0.23076923076923078,0.6153846153846154,0.0,0.0,0.0,0.06593406593406957,0.1318681318681319,-0.01648351648351647,0.06593406593406606,0.016483516483516487,0.03296703296703298,0.0,0.016483516483516505,-0.0054945054945054386,0.0,0.0,0.0
174.83333333333334,1.0,0.4166666666666667,0.4166666666666667,2.8333333333333335,2.0833333333333335,0.08333333333333333,0.25,5.0,0.0,0.0,0.0,18.49650349650349,0.11188811188811183,-0.03846153846153843,-0.010489510489510514,0.4685314685314685,0.21328671328671323,0.010489510489510483,0.05944055944055945,0.5874125874125872,0.0,0.0,0.0
148.26666666666668,6.533333333333333,0.3333333333333333,6.2,1.0666666666666667,3.4,0.06666666666666667,0.13333333333333333,2.6666666666666665,0.0,0.0,0.0,-3.5857142857142805,-0.014285714285714204,0.010714285714285706,-0.049999999999999906,-0.007142857142857116,-0.407142857142857,-0.0071428571428571435,0.017857142857142856,-0.1785714285714286,0.0,0.0,0.0
57.42857142857143,3.5,0.0,1.2857142857142858,0.0,0.35714285714285715,0.0,0.35714285714285715,2.0,0.0,0.0,0.0,-4.821978021978025,-0.4593406593406595,0.0,-0.035164835164835186,0.0,-0.037362637362637396,0.0,-0.03296703296703299,-0.19780219780219796,0.0,0.0,0.0
47.6875,0.625,0.0,0.75,0.6875,0.25,0.375,0.125,1.0625,0.0,0.0,0.0,0.7985294117647063,-0.023529411764705885,0.0,0.10588235294117647,-0.016176470588235285,-3.1528215274471404e-18,0.020588235294117647,0.02647058823529412,0.06029411764705883,0.0,0.0,0.0
79.54166666666667,1.7916666666666667,1.0,1.0833333333333333,0.375,3.125,0.041666666666666664,0.2916666666666667,1.2083333333333333,0.0,0.0,0.0,2.986521739130435,0.11434782608695655,0.0582608695652174,-0.006086956521739122,-0.027391304347826093,0.20043478260869566,-0.003913043478260871,0.045652173913043485,0.11260869565217393,0.0,0.0,0.0
88.21739130434783,2.0869565217391304,0.6086956521739131,0.9565217391304348,0.30434782608695654,4.217391304347826,0.0,0.2608695652173913,1.9130434782608696,0.0,0.0,0.0,1.6669960474308319,0.1225296442687748,0.013833992094861688,0.029644268774703584,0.019762845849802372,0.04347826086956528,0.0,-0.00197628458498024,0.08596837944664036,0.0,0.0,0.0
97.66666666666667,2.238095238095238,0.09523809523809523,1.4285714285714286,1.0476190476190477,0.3333333333333333,0.047619047619047616,0.47619047619047616,2.1904761904761907,0.0,0.0,0.0,-0.668831168831167,-0.11298701298701283,0.020779220779220772,0.09870129870129869,0.05454545454545455,-0.0038961038961038896,0.003896103896103897,0.042857142857142844,-0.023376623376623322,0.0,0.0,0.0
37.904761904761905,0.9523809523809523,0.42857142857142855,1.1428571428571428,0.47619047619047616,0.5238095238095238,0.0,0.047619047619047616,0.8571428571428571,0.0,0.0,0.0,-2.092207792207793,-0.10649350649350653,-0.055844155844155856,-0.10129870129870124,0.054545454545454515,-0.07662337662337662,0.0,0.005194805194805193,-0.0688311688311689,0.0,0.0,0.0
82.34615384615384,1.1923076923076923,0.11538461538461539,0.8846153846153846,1.6153846153846154,1.3846153846153846,0.038461538461538464,0.46153846153846156,1.8076923076923077,0.0,0.0,0.0,2.217777777777779,-0.007179487179487189,0.007179487179487182,0.0830769230769231,0.057435897435897464,0.030085470085470085,0.0064957264957264975,-0.010256410256410262,0.042051282051282064,0.0,0.0,0.0
62.30434782608695,1.6521739130434783,0.8695652173913043,0.4782608695652174,1.0,0.8260869565217391,0.08695652173913043,0.043478260869565216,1.5217391304347827,0.0,0.0,0.0,1.510869565217393,0.0009881422924901632,0.017786561264822157,0.003952569169960484,0.055335968379446675,0.02964426877470359,-0.0009881422924901179,0.0049407114624505965,0.006916996047430862,0.0,0.0,0.0
101.51612903225806,2.5483870967741935,0.6451612903225806,1.6451612903225807,0.8387096774193549,1.1612903225806452,0.03225806451612903,0.1935483870967742,1.967741935483871,0.0,0.0,0.0,-4.625806451612905,-0.012500000000000016,0.004032258064516112,-0.10725806451612908,-0.0806451612903226,-0.05564516129032262,-4.281645736895095e-19,-0.003629032258064519,-0.09395161290322583,0.0,0.0,0.0
70.52941176470588,1.6470588235294117,0.17647058823529413,1.1764705882352942,0.23529411764705882,0.29411764705882354,0.0,0.058823529411764705,1.9411764705882353,0.0,0.0,0.0,-2.404411764705887,-0.03186274509803932,-0.031862745098039234,-0.0686274509803922,0.03431372549019608,-0.01715686274509806,0.0,-0.004901960784313732,-0.1348039215686276,0.0,0.0,0.0
39.357142857142854,1.1428571428571428,0.14285714285714285,0.39285714285714285,0.17857142857142858,0.17857142857142858,0.0,0.10714285714285714,0.6428571428571429,0.0,0.0,0.0,0.3130815544608648,0.006020799124247405,0.005473453749315815,0.0035577449370552765,0.0019157088122605376,-0.015051997810618499,0.0,0.00355774493705528,0.03831417624521072,0.0,0.0,0.0
39.074074074074076,1.0,0.4444444444444444,0.6296296296296297,0.7407407407407407,0.14814814814814814,0.0,0.07407407407407407,1.037037037037037,0.0,0.0,0.0,-0.773504273504273,-0.06654456654456656,0.0018315018315018387,0.007936507936507946,-0.059829059829059845,7.04935478286446e-19,0.0,1.409870956572892e-18,-0.04639804639804641,0.0,0.0,0.0
76.15384615384616,2.230769230769231,0.46153846153846156,1.1153846153846154,0.23076923076923078,1.5384615384615385,0.0,0.11538461538461539,1.0,0.0,0.0,0.0,2.1613675213675205,0.07726495726495723,0.008888888888888884,-0.016068376068376092,-0.002051282051282057,0.01572649572649572,0.0,0.011282051282051285,0.026666666666666658,0.0,0.0,0.0
47.4,0.4,0.75,0.65,0.9,0.6,0.0,0.15,0.5,0.0,0.0,0.0,-0.7593984962406014,0.0075187969924812165,0.023308270676691743,-0.05639097744360904,-0.013533834586466148,-0.04962406015037591,0.0,0.01729323308270677,-0.01353383458646618,0.0,0.0,0.0
62.05714285714286,0.8857142857142857,0.2857142857142857,1.2857142857142858,0.5142857142857142,3.2285714285714286,0.22857142857142856,0.2,0.5714285714285714,0.0,0.0,0.0,-1.0817927170868344,-0.035294117647058816,0.0016806722689075662,0.0008403361344537978,-0.018487394957983194,-0.07450980392156857,-0.005042016806722687,-0.0011204481792717114,-0.01204481792717087,0.0,0.0,0.0
79.375,1.1875,0.625,1.25,0.75,2.3125,0.0625,0.1875,1.4375,0.0,0.0,0.0,-1.5911764705882354,0.06029411764705883,-0.014705882352941173,0.0588235294117647,-0.1088235294117647,0.004411764705882344,0.004411764705882352,-0.0014705882352941178,-0.054411764705882396,0.0,0.0,0.0
52.34615384615385,2.5384615384615383,0.15384615384615385,2.423076923076923,0.6538461538461539,0.38461538461538464,0.0,0.19230769230769232,0.6538461538461539,0.0,0.0,0.0,1.3370940170940175,0.06290598290598293,-0.0041025641025641,0.11794871794871797,0.027692307692307693,0.004102564102564097,0.0,0.0044444444444444444,0.008547008547008553,0.0,0.0,0.0
55.22222222222222,2.0,0.6666666666666666,0.1111111111111111,0.1111111111111111,0.5555555555555556,0.0,0.1111111111111111,2.4444444444444446,0.0,0.0,0.0,5.749999999999999,0.16666666666666663,0.1,0.03333333333333334,0.03333333333333334,0.08333333333333334,0.0,-0.016666666666666677,0.23333333333333323,0.0,0.0,0.0
112.375,1.125,0.625,3.75,1.125,4.25,0.0,0.25,1.5,0.0,0.0,0.0,-4.892857142857139,0.03571428571428569,-0.2499999999999999,0.7380952380952378,0.2499999999999999,-0.23809523809523764,0.0,0.047619047619047596,0.2857142857142857,0.0,0.0,0.0
76.7,0.3,0.0,0.1,0.1,3.3,0.0,0.1,0.5,0.0,0.0,0.0,-0.22424242424242968,-0.0060606060606060745,0.0,-0.0060606060606060675,-0.04242424242424247,-0.13939393939393968,0.0,-0.0181818181818182,-0.054545454545454584,0.0,0.0,0.0
65.64285714285714,1.3214285714285714,0.10714285714285714,1.7142857142857142,0.4642857142857143,3.7142857142857144,0.0,0.03571428571428571,1.0357142857142858,0.0,0.0,0.0,-0.8379857690202525,0.0380405035577449,0.01286261631089217,0.004926108374384249,0.027640941434044868,-0.21455938697317994,0.0,-0.0068418171866447735,-0.014504652435686919,0.0,0.0,0.0
49.583333333333336,1.1666666666666667,0.3333333333333333,0.5,1.3333333333333333,0.5833333333333334,0.0,0.25,0.5,0.0,0.0,0.0,-1.3461538461538496,-0.027972027972028045,0.03496503496503496,0.04195804195804194,0.006993006993006915,-0.0734265734265735,0.0,-0.0174825174825175,-0.013986013986014042,0.0,0.0,0.0
39.3235294117647,0.29411764705882354,0.17647058823529413,0.5588235294117647,0.20588235294117646,1.0,0.058823529411764705,0.11764705882352941,0.5882352941176471,0.0,0.0,0.0,1.3239113827349125,0.005805958747135217,-0.004583651642475172,0.023682200152788397,0.024293353705118412,0.0766997708174179,0.0018334606569900703,0.004889228418640184,0.018945760122230714,0.0,0.0,0.0
81.35,1.6,0.5,0.3,0.6,0.6,0.0,0.05,2.25,0.0,0.0,0.0,2.278947368421054,-0.012030075187969846,0.06917293233082707,0.04812030075187969,0.003007518796992499,-0.00902255639097744,0.0,0.00977443609022556,0.021804511278195493,0.0,0.0,0.0
41.7,0.7,0.0,0.4,1.2,0.1,0.0,0.1,1.1,0.0,0.0,0.0,5.242424242424242,0.16363636363636366,0.0,-2.630557450796067e-17,0.07272727272727267,0.04242424242424244,0.0,-0.0060606060606060675,0.042424242424242406,0.0,0.0,0.0
91.66666666666667,2.2666666666666666,0.3333333333333333,0.3333333333333333,0.4666666666666667,1.7333333333333334,0.0,0.06666666666666667,2.3333333333333335,0.0,0.0,0.0,-1.2000000000000004,-0.10000000000000006,0.03571428571428569,-0.07499999999999998,0.007142857142857119,-0.010714285714285735,0.0,0.01071428571428571,-8.36350749421581e-17,0.0,0.0,0.0
45.04,0.64,0.32,0.12,0.36,0.76,0.0,0.44,0.64,0.0,0.0,0.0,-4.8523076923076935,-0.09153846153846158,-0.04538461538461539,-0.01615384615384614,-0.042307692307692275,-0.08538461538461539,0.0,-0.06538461538461535,-0.08384615384615386,0.0,0.0,0.0
124.33333333333333,3.25,0.25,0.6666666666666666,2.5,3.3333333333333335,0.08333333333333333,0.3333333333333333,3.3333333333333335,0.0,0.0,0.0,3.377622377622371,0.16433566433566404,-0.010489510489510506,0.10489510489510488,0.25174825174825166,0.2587412587412585,0.0034965034965034896,0.03496503496503495,-0.11888111888111917,0.0,0.0,0.0
95.88,2.84,0.48,1.64,2.6,0.64,0.04,0.56,2.72,0.0,0.0,0.0,-1.8592307692307677,0.021538461538461583,-0.039999999999999966,0.10153846153846156,-0.1384615384615384,-0.05076923076923075,-0.004615384615384612,-0.042307692307692275,-0.05846153846153834,0.0,0.0,0.0
65.0909090909091,0.9545454545454546,0.2727272727272727,1.4090909090909092,0.36363636363636365,1.9545454545454546,0.045454545454545456,0.09090909090909091,1.7272727272727273,0.0,0.0,0.0,-0.9508752117447734,0.08187464709203841,0.01129305477131565,0.05138339920948619,0.018068887634105038,-0.08074534161490673,0.0016939582156973486,-0.021456804065499706,-0.044042913608130875,0.0,0.0,0.0
67.6086956521739,1.0434782608695652,0.8260869565217391,0.8260869565217391,0.8260869565217391,2.8260869565217392,0.043478260869565216,0.2608695652173913,1.1304347826086956,0.0,0.0,0.0,1.9486166007905135,0.04743083003952571,0.03557312252964425,0.07806324110671939,0.038537549407114645,0.04249011857707515,0.0069169960474308335,-0.010869565217391302,0.03952569169960473,0.0,0.0,0.0
59.875,0.5625,0.25,0.5625,0.875,0.625,0.0625,0.25,1.25,0.0,0.0,0.0,3.982352941176471,0.03382352941176471,0.04705882352941177,-0.01029411764705881,0.07941176470588235,0.05588235294117647,-0.004411764705882352,0.0,0.20882352941176469,0.0,0.0,0.0
