DT-Level 0_mean,DT-Level 1_mean,DT-Level 2_mean,DT-Level 3_mean,DT-Level 4_mean,DT-Level 5_mean,DT-Level 6_mean,DT-Level 7_mean,DT-Label A_mean,DT-Label B_mean,DT-Label C_mean,DT-Label D_mean,DT-Label E_mean,DT-Label F_mean,DT-Label G_mean,DT-Label H_mean,DT-Label I_mean,DT-Level 0_grad,DT-Level 1_grad,DT-Level 2_grad,DT-Level 3_grad,DT-Level 4_grad,DT-Level 5_grad,DT-Level 6_grad,DT-Level 7_grad,DT-Label A_grad,DT-Label B_grad,DT-Label C_grad,DT-Label D_grad,DT-Label E_grad,DT-Label F_grad,DT-Label G_grad,DT-Label H_grad,DT-Label I_grad
0.0,0.0,0.0,0.0,0.8695652173913043,0.08695652173913043,0.13043478260869565,0.0,0.0,0.43478260869565216,0.043478260869565216,0.043478260869565216,0.043478260869565216,0.0,0.0,0.0,0.043478260869565216,0.0,0.0,0.0,0.0,0.0029644268774703417,-0.006916996047430832,-0.018774703557312287,0.0,0.0,-0.018774703557312287,0.003952569169960477,-0.004940711462450592,-0.003952569169960475,0.0,0.0,0.0,-0.009881422924901186
0.25,0.375,0.0,0.125,0.625,0.0,0.0,0.0,0.0,0.25,0.0,0.125,0.0,0.0,0.0,0.0,0.0,0.119047619047619,0.10714285714285712,0.0,0.011904761904761892,-0.13095238095238082,0.0,0.0,0.0,0.0,2.3457742823987842e-17,0.0,-0.059523809523809514,0.0,0.0,0.0,0.0,0.0
0.03571428571428571,0.03571428571428571,0.0,0.07142857142857142,0.5,0.17857142857142858,0.07142857142857142,0.0,0.0,0.21428571428571427,0.07142857142857142,0.10714285714285714,0.0,0.07142857142857142,0.0,0.0,0.07142857142857142,-0.004105090311986863,-0.0024630541871921187,0.0,-0.006568144499178981,-0.01696770662287904,0.0090311986863711,0.00875752599890531,0.0,0.0,0.0065681444991789835,-0.004926108374384236,0.00629447181171319,0.0,0.0021893814997263274,0.0,0.0,0.006568144499178981
0.0,0.07142857142857142,0.0,0.14285714285714285,0.2857142857142857,0.21428571428571427,0.8571428571428571,0.0,0.0,0.21428571428571427,0.0,0.0,0.0,0.0,0.07142857142857142,0.0,0.07142857142857142,0.0,-0.01538461538461539,0.0,0.00879120879120879,0.035164835164835165,-0.006593406593406595,0.026373626373626353,0.0,0.0,-0.015384615384615394,0.0,0.0,0.0,0.0,-0.01538461538461539,0.0,-0.02857142857142859
0.0,0.0,0.0,0.2,0.6,0.0,0.2,0.0,0.0,0.1,0.2,0.1,0.0,0.0,0.0,0.0,0.1,0.0,0.0,0.0,0.06060606060606064,0.02424242424242421,0.0,-0.0727272727272728,0.0,0.0,-0.04242424242424247,-0.012121212121212135,-0.04242424242424247,0.0,0.0,0.0,0.0,-0.05454545454545454
0.0,0.037037037037037035,0.0,0.0,0.5185185185185185,0.2222222222222222,0.18518518518518517,0.0,0.0,0.25925925925925924,0.0,0.07407407407407407,0.25925925925925924,0.0,0.037037037037037035,0.0,0.0,0.0,0.004884004884004885,0.0,0.0,0.01037851037851038,-0.010378510378510382,0.001221001221001219,0.0,0.0,-0.019536019536019536,0.0,-0.010989010989010993,-0.010989010989010992,0.0,0.006715506715506718,0.0,0.0
0.0,0.0,0.0,0.2727272727272727,0.45454545454545453,0.09090909090909091,0.2727272727272727,0.0,0.0,0.36363636363636365,0.09090909090909091,0.09090909090909091,0.0,0.0,0.0,0.0,0.0,0.0,0.0,0.0,0.04545454545454544,5.6582204636959675e-18,-0.009090909090909094,-0.05454545454545456,0.0,0.0,-0.04545454545454542,0.027272727272727264,0.009090909090909092,0.0,0.0,0.0,0.0,0.0
0.05,0.05,0.0,0.0,0.6,0.05,0.1,0.0,0.0,0.5,0.05,0.15,0.0,0.05,0.0,0.15,0.1,-0.0052631578947368385,-0.0052631578947368385,0.0,0.0,0.03458646616541355,-0.003759398496240599,-0.004511278195488718,0.0,0.0,-0.007518796992481195,0.0037593984962406035,-0.018796992481202996,0.0,-0.00977443609022556,0.0,-0.018796992481202996,0.01954887218045112
0.0625,0.1875,0.0,0.0625,0.5,0.25,0.0625,0.0,0.0,0.375,0.0625,0.125,0.0,0.0,0.0,0.0,0.0,-0.004411764705882352,0.02205882352941177,0.0,0.022058823529411763,0.008823529411764707,0.020588235294117647,-0.010294117647058816,0.0,0.0,-0.03823529411764705,0.004411764705882352,0.0029411764705882357,0.0,0.0,0.0,0.0,0.0
0.06060606060606061,0.09090909090909091,0.030303030303030304,0.09090909090909091,0.48484848484848486,0.18181818181818182,0.15151515151515152,0.0,0.030303030303030304,0.12121212121212122,0.0,0.0,0.0,0.0,0.0,0.0,0.0,-0.007018716577540106,-0.000334224598930482,0.000668449197860962,0.0013368983957219255,-0.01637700534759359,0.006016042780748663,-0.003342245989304824,0.0,0.004344919786096256,-0.002673796791443859,0.0,0.0,0.0,0.0,0.0,0.0,0.0
0.0,0.0,0.11764705882352941,0.0,0.4117647058823529,0.17647058823529413,0.35294117647058826,0.0,0.0,0.4117647058823529,0.11764705882352941,0.4117647058823529,0.0,0.0,0.0,0.058823529411764705,0.058823529411764705,0.0,0.0,0.017156862745098037,0.0,-0.031862745098039234,-0.007352941176470601,0.046568627450980386,0.0,0.0,0.017156862745098044,-0.022058823529411783,0.03186274509803921,0.0,0.0,0.0,0.007352941176470591,0.0049019607843137246
0.08333333333333333,0.25,0.0,0.16666666666666666,0.4166666666666667,0.08333333333333333,0.16666666666666666,0.0,0.0,0.25,0.16666666666666666,0.0,0.0,0.08333333333333333,0.0,0.0,0.0,0.024475524475524476,0.08741258741258741,0.0,-0.027972027972027965,-0.08741258741258744,-0.010489510489510499,-0.013986013986014007,0.0,0.0,-0.0454545454545455,-0.034965034965034975,0.0,0.0,0.010489510489510483,0.0,0.0,0.0
0.029411764705882353,0.14705882352941177,0.029411764705882353,0.058823529411764705,0.6764705882352942,0.058823529411764705,0.29411764705882354,0.0,0.0,0.2647058823529412,0.0,0.029411764705882353,0.058823529411764705,0.0,0.0,0.029411764705882353,0.029411764705882353,-0.004430863254392667,-0.00015278838808250507,-0.0035141329258976343,-0.0051948051948051965,0.005347593582887706,-0.007944996180290313,0.005194805194805196,0.0,0.0,0.00015278838808249366,0.0,0.005042016806722689,0.0030557677616501154,0.0,0.0,0.00106951871657754,-0.0035141329258976343
0.07142857142857142,0.14285714285714285,0.0,0.10714285714285714,0.8214285714285714,0.0,0.0,0.0,0.0,0.14285714285714285,0.0,0.07142857142857142,0.0,0.03571428571428571,0.0,0.0,0.0,-0.009852216748768473,-0.013683634373289542,0.0,-0.013957307060755335,0.023262178434592228,0.0,0.0,0.0,0.0,-0.006020799124247405,0.0,0.0060207991242474,0.0,-0.0068418171866447735,0.0,0.0,0.0
0.0,0.4,0.0,0.1,0.5,0.0,0.1,0.0,0.0,0.5,0.2,0.2,0.0,0.0,0.0,0.0,0.0,0.0,-0.036363636363636424,0.0,0.018181818181818188,0.06666666666666672,0.0,0.030303030303030314,0.0,0.0,-0.006060606060606071,0.024242424242424253,0.03636363636363637,0.0,0.0,0.0,0.0,0.0
0.0,0.2,0.0,0.06666666666666667,0.4666666666666667,0.26666666666666666,0.3333333333333333,0.0,0.06666666666666667,0.3333333333333333,0.0,0.2,0.06666666666666667,0.0,0.0,0.0,0.0,0.0,-0.04285714285714283,0.0,0.01785714285714285,0.03928571428571427,-0.007142857142857145,-0.03571428571428575,0.0,0.01785714285714285,0.0035714285714285544,0.0,-0.03571428571428572,0.024999999999999994,0.0,0.0,0.0,0.0
0.030303030303030304,0.06060606060606061,0.09090909090909091,0.06060606060606061,0.6363636363636364,0.030303030303030304,0.09090909090909091,0.0,0.06060606060606061,0.36363636363636365,0.0,0.09090909090909091,0.06060606060606061,0.030303030303030304,0.0,0.06060606060606061,0.0,0.0016711229946524064,-0.007018716577540103,-0.002005347593582887,0.004344919786096258,-0.008021390374331564,-0.005013368983957218,-0.002005347593582884,0.0,0.0026737967914438484,0.0006684491978609527,0.0,0.002005347593582888,-0.00902406417112299,0.005013368983957218,0.0,-0.005013368983957218,0.0
0.0,0.0,0.0,0.0,0.3333333333333333,0.1111111111111111,0.5555555555555556,0.0,0.0,0.3333333333333333,0.0,0.4444444444444444,0.0,0.0,0.0,0.0,0.1111111111111111,0.0,0.0,0.0,0.0,-1.5546231902119453e-17,0.06666666666666668,0.033333333333333305,0.0,0.0,-0.05000000000000007,0.0,-0.08333333333333344,0.0,0.0,0.0,0.0,-0.0666666666666667
0.0,0.38095238095238093,0.0,0.14285714285714285,0.42857142857142855,0.14285714285714285,0.047619047619047616,0.0,0.0,0.14285714285714285,0.0,0.09523809523809523,0.0,0.047619047619047616,0.0,0.0,0.0,0.0,0.020779220779220783,0.0,-0.006493506493506489,0.006493506493506468,-0.006493506493506489,-0.002597402597402595,0.0,0.0,-0.023376623376623364,0.0,-0.015584415584415577,0.0,0.009090909090909089,0.0,0.0,0.0
0.029411764705882353,0.35294117647058826,0.029411764705882353,0.08823529411764706,0.47058823529411764,0.08823529411764706,0.29411764705882354,0.0,0.029411764705882353,0.20588235294117646,0.08823529411764706,0.058823529411764705,0.0,0.0,0.0,0.029411764705882353,0.058823529411764705,0.0007639419404125281,-0.002444614209320091,-0.0029029793735676087,0.004125286478227655,0.009778456837280366,-0.0016806722689075607,0.00611153552330023,0.0,-0.003819709702062644,-0.009320091673032861,-0.006264323911382736,-0.004583651642475186,0.0,0.0,0.0,0.00106951871657754,-0.004583651642475172
0.06666666666666667,0.13333333333333333,0.0,0.0,0.4,0.26666666666666666,0.4,0.0,0.0,0.2,0.06666666666666667,0.3333333333333333,0.0,0.06666666666666667,0.0,0.06666666666666667,0.0,-0.003571428571428572,0.039285714285714264,0.0,0.0,-0.02857142857142859,-0.014285714285714277,0.024999999999999988,0.0,0.0,-0.017857142857142853,0.007142857142857138,-0.021428571428571408,0.0,0.003571428571428572,0.0,0.007142857142857138,0.0
0.09090909090909091,0.0,0.0,0.0,0.6363636363636364,0.0,0.09090909090909091,0.0,0.0,0.6363636363636364,0.09090909090909091,0.18181818181818182,0.0,0.0,0.0,0.0,0.0,0.027272727272727264,0.0,0.0,0.0,-0.03636363636363631,0.0,-0.036363636363636355,0.0,0.0,-0.018181818181818167,1.4145551159239919e-18,0.009090909090909087,0.0,0.0,0.0,0.0,0.0
0.045454545454545456,0.09090909090909091,0.0,0.045454545454545456,0.45454545454545453,0.045454545454545456,0.2727272727272727,0.0,0.045454545454545456,0.13636363636363635,0.09090909090909091,0.22727272727272727,0.0,0.0,0.0,0.09090909090909091,0.045454545454545456,-0.005081874647092033,0.01806888763410502,0.0,0.003952569169960475,-0.037267080745341574,0.0062111801242236,0.015810276679841903,0.0,0.0062111801242236,-0.016374929418407673,-0.0011293054771315582,0.005081874647092049,0.0,0.0,0.0,0.003387916431394693,-0.0028232636928289087
0.0,0.45454545454545453,0.0,0.09090909090909091,0.2727272727272727,0.2727272727272727,0.36363636363636365,0.0,0.0,0.18181818181818182,0.0,0.2727272727272727,0.0,0.0,0.0,0.0,0.0,0.0,0.009090909090909123,0.0,0.009090909090909092,-0.018181818181818188,0.06363636363636362,5.6582204636959675e-18,0.0,0.0,-0.04545454545454545,0.0,0.05454545454545454,0.0,0.0,0.0,0.0,0.0
0.0,0.10714285714285714,0.0,0.03571428571428571,0.35714285714285715,0.21428571428571427,0.35714285714285715,0.0,0.0,0.32142857142857145,0.0,0.2857142857142857,0.0,0.03571428571428571,0.0,0.03571428571428571,0.10714285714285714,0.0,-0.004105090311986865,0.0,-0.0030103995621237,-0.022988505747126443,-0.007115489874110568,-0.007115489874110564,0.0,0.0,-0.016146688560481667,0.0,0.006020799124247397,0.0,0.0035577449370552813,0.0,0.0073891625615763535,0.012862616310892173
0.0,0.1,0.0,0.1,0.6,0.1,0.2,0.0,0.0,0.0,0.1,0.1,0.0,0.0,0.0,0.0,0.0,0.0,-0.05454545454545454,0.0,-0.0181818181818182,0.060606060606060615,0.054545454545454564,0.036363636363636355,0.0,0.0,0.0,-0.04242424242424247,-0.03030303030303032,0.0,0.0,0.0,0.0,0.0
0.10526315789473684,0.15789473684210525,0.05263157894736842,0.0,0.5263157894736842,0.0,0.21052631578947367,0.0,0.05263157894736842,0.21052631578947367,0.0,0.15789473684210525,0.05263157894736842,0.0,0.10526315789473684,0.05263157894736842,0.10526315789473684,-0.010526315789473682,-0.01929824561403509,0.01403508771929825,0.0,-0.04736842105263156,0.0,0.01228070175438597,0.0,-0.005263157894736844,0.01228070175438597,0.0,0.01578947368421053,-0.01052631578947369,0.0,-0.012280701754385963,-0.015789473684210527,4.8350607552077016e-18
0.0,0.0,0.1111111111111111,0.0,0.4444444444444444,0.05555555555555555,0.1111111111111111,0.0,0.0,0.4444444444444444,0.2222222222222222,0.16666666666666666,0.0,0.05555555555555555,0.0,0.05555555555555555,0.1111111111111111,0.0,0.0,0.016511867905056765,0.0,0.008255933952528376,0.01341589267285862,-0.01651186790505676,0.0,0.0,5.255585614828983e-18,-0.018575851393188868,0.023735810113519096,0.0,0.005159958720330237,0.0,0.011351909184726524,-0.002063983488132091
0.0,0.1,0.0,0.05,0.55,0.0,0.2,0.0,0.0,0.25,0.0,0.25,0.05,0.1,0.0,0.05,0.05,0.0,0.009022556390977444,0.0,-0.011278195488721806,-0.03533834586466164,0.0,-0.010526315789473672,0.0,0.0,-0.04135338345864661,0.0,0.02631578947368421,0.01428571428571428,0.01954887218045112,0.0,0.005263157894736843,0.00977443609022556
0.0,0.1,0.0,0.05,0.65,0.1,0.1,0.0,0.0,0.35,0.05,0.0,0.0,0.05,0.0,0.0,0.0,0.0,0.024060150375939848,0.0,0.00977443609022556,-0.015789473684210516,0.013533834586466162,-0.006015037593984958,0.0,0.0,-0.036842105263157905,-0.003759398496240599,0.0,0.0,-0.00827067669172932,0.0,0.0,0.0
0.0,0.0,0.0,0.0625,0.6875,0.0,0.0625,0.0,0.0625,0.0625,0.0625,0.125,0.0,0.0,0.0,0.0625,0.125,0.0,0.0,0.0,-0.01911764705882352,-0.08088235294117643,0.0,0.019117647058823527,0.0,0.022058823529411763,0.019117647058823527,0.010294117647058825,0.020588235294117647,0.0,0.0,0.0,0.004411764705882352,-0.005882352941176458
0.0,0.0,0.09090909090909091,0.09090909090909091,0.5454545454545454,0.18181818181818182,0.18181818181818182,0.0,0.0,0.45454545454545453,0.0,0.0,0.0,0.09090909090909091,0.0,0.0,0.09090909090909091,0.0,0.0,-0.04545454545454542,0.045454545454545435,0.009090909090909078,0.009090909090909087,0.018181818181818184,0.0,0.0,-0.045454545454545435,0.0,0.0,0.0,-0.01818181818181818,0.0,0.0,-0.04545454545454542
0.0,0.0,0.0,0.0,0.7272727272727273,0.0,0.0,0.0,0.09090909090909091,0.6363636363636364,0.09090909090909091,0.09090909090909091,0.0,0.0,0.0,0.2727272727272727,0.09090909090909091,0.0,0.0,0.0,0.0,0.018181818181818202,0.0,0.0,0.0,0.045454545454545435,-0.04545454545454549,-0.036363636363636355,-0.027272727272727264,0.0,0.0,0.0,-0.08181818181818179,-0.04545454545454542
0.0,0.0,0.0,0.0,0.46153846153846156,0.07692307692307693,0.23076923076923078,0.0,0.0,0.7692307692307693,0.15384615384615385,0.07692307692307693,0.0,0.0,0.0,0.0,0.07692307692307693,0.0,0.0,0.0,0.0,-0.02747252747252745,0.027472527472527465,0.06593406593406594,0.0,0.0,0.010989010989011016,-0.03296703296703296,0.0054945054945055,0.0,0.0,0.0,0.0,4.354652974618213e-18
0.2727272727272727,0.36363636363636365,0.0,0.2727272727272727,0.09090909090909091,0.09090909090909091,0.2727272727272727,0.0,0.0,0.18181818181818182,0.0,0.18181818181818182,0.0,0.0,0.0,0.0,0.09090909090909091,0.009090909090909078,-0.02727272727272728,0.0,0.027272727272727264,-0.01818181818181818,-0.009090909090909094,-0.018181818181818188,0.0,0.0,0.027272727272727254,0.0,0.05454545454545453,0.0,0.0,0.0,0.0,-0.04545454545454542
0.1111111111111111,0.1111111111111111,0.0,0.05555555555555555,0.5,0.05555555555555555,0.2777777777777778,0.0,0.0,0.2777777777777778,0.1111111111111111,0.1111111111111111,0.0,0.05555555555555555,0.0,0.0,0.0,-0.010319917440660476,-0.006191950464396289,0.0,-0.009287925696594432,0.013415892672858615,-0.013415892672858618,-0.0010319917440660493,0.0,0.0,-0.0051599587203302365,0.004127966976264193,0.00412796697626419,0.0,0.015479876160990714,0.0,0.0,0.0
0.058823529411764705,0.17647058823529413,0.058823529411764705,0.058823529411764705,0.4117647058823529,0.11764705882352941,0.11764705882352941,0.0,0.0,0.29411764705882354,0.0,0.058823529411764705,0.11764705882352941,0.0,0.0,0.058823529411764705,0.058823529411764705,-0.009803921568627458,-0.02696078431372551,-0.012254901960784322,-0.004901960784313732,0.07598039215686274,-0.01960784313725492,0.007352941176470586,0.0,0.0,-0.03186274509803922,0.0,0.0049019607843137246,0.014705882352941173,0.0,0.0,0.0049019607843137246,-0.012254901960784322
0.17391304347826086,0.08695652173913043,0.08695652173913043,0.08695652173913043,0.6521739130434783,0.0,0.13043478260869565,0.0,0.0,0.17391304347826086,0.0,0.043478260869565216,0.0,0.0,0.0,0.0,0.0,-0.0029644268774703516,-0.0029644268774703534,-0.02075098814229252,0.012845849802371547,-0.005928853754940695,0.0,0.008893280632411071,0.0,0.0,-0.005928853754940709,0.0,-0.0029644268774703555,0.0,0.0,0.0,0.0,0.0
0.0,0.07692307692307693,0.0,0.0,0.8461538461538461,0.07692307692307693,0.38461538461538464,0.0,0.0,0.3076923076923077,0.15384615384615385,0.0,0.0,0.0,0.0,0.0,0.0,0.0,0.027472527472527465,0.0,0.0,-0.04945054945054935,0.021978021978021987,-0.010989010989010959,0.0,0.0,-0.016483516483516467,-0.03846153846153843,0.0,0.0,0.0,0.0,0.0,0.0
0.25,0.25,0.0,0.0,0.75,0.0,0.125,0.0,0.0,0.5,0.125,0.0,0.0,0.0,0.0,0.125,0.0,0.0714285714285714,0.0714285714285714,0.0,0.0,-0.07142857142857136,0.0,0.03571428571428569,0.0,0.0,-0.09523809523809514,0.08333333333333331,0.0,0.0,0.0,0.0,-0.01190476190476189,0.0
0.0,0.25,0.0,0.16666666666666666,0.3333333333333333,0.25,0.5833333333333334,0.0,0.08333333333333333,0.16666666666666666,0.16666666666666666,0.0,0.0,0.0,0.0,0.0,0.0,0.0,-0.01748251748251748,0.0,0.06293706293706293,-0.020979020979021,0.010489510489510473,-0.1013986013986014,0.0,0.03846153846153847,-0.04195804195804197,0.02097902097902097,0.0,0.0,0.0,0.0,0.0,0.0
0.0,0.08333333333333333,0.0,0.041666666666666664,0.4166666666666667,0.041666666666666664,0.20833333333333334,0.0,0.0,0.375,0.041666666666666664,0.25,0.0,0.0,0.0,0.041666666666666664,0.08333333333333333,0.0,-8.441845343216591e-19,0.0,0.00565217391304348,-0.02956521739130436,-0.003913043478260871,-0.031739130434782624,0.0,0.0,-0.03347826086956525,-0.005652173913043479,0.003478260869565218,0.0,0.0,0.0,-0.00043478260869565235,0.01565217391304348
0.0,0.17647058823529413,0.0,0.058823529411764705,0.5882352941176471,0.11764705882352941,0.23529411764705882,0.058823529411764705,0.0,0.17647058823529413,0.0,0.0,0.17647058823529413,0.0,0.0,0.0,0.0,0.0,-0.009803921568627458,0.0,-0.004901960784313732,0.002450980392156831,-0.009803921568627458,0.01715686274509804,0.0049019607843137246,0.0,-0.009803921568627458,0.0,0.0,-0.0465686274509804,0.0,0.0,0.0,0.0
0.18181818181818182,0.18181818181818182,0.0,0.13636363636363635,0.36363636363636365,0.0,0.22727272727272727,0.0,0.0,0.09090909090909091,0.045454545454545456,0.13636363636363635,0.13636363636363635,0.0,0.045454545454545456,0.0,0.0,-0.0011293054771315595,0.004517221908526261,0.0,0.011857707509881424,-0.011293054771315618,0.0,-0.005081874647092023,0.0,0.0,-0.009034443817052524,0.0016939582156973486,-0.014116318464144533,0.01976284584980237,0.0,-0.00395256916996047,0.0,0.0
0.15,0.3,0.0,0.15,0.2,0.1,0.3,0.0,0.1,0.25,0.05,0.1,0.0,0.05,0.0,0.0,0.05,-0.002255639097744356,0.0030075187969924905,0.0,-0.0007518796992481125,0.00601503759398494,0.0030075187969924827,-0.013533834586466157,0.0,0.02105263157894736,-0.039849624060150385,0.0112781954887218,-0.004511278195488718,0.0,0.01428571428571428,0.0,0.0,-0.006766917293233076
0.0,0.0,0.0,0.0,0.5714285714285714,0.14285714285714285,0.2857142857142857,0.0,0.0,0.5714285714285714,0.0,0.42857142857142855,0.0,0.0,0.0,0.0,0.14285714285714285,0.0,0.0,0.0,0.0,0.10714285714285712,0.0357142857142857,0.03571428571428571,0.0,0.0,0.03571428571428569,0.0,0.0,0.0,0.0,0.0,0.0,-0.10714285714285712
0.0,0.0,0.0,0.2727272727272727,0.45454545454545453,0.18181818181818182,0.18181818181818182,0.0,0.0,0.2727272727272727,0.0,0.18181818181818182,0.18181818181818182,0.0,0.0,0.0,0.0,0.0,0.0,0.0,-0.05454545454545451,-0.009090909090909101,0.018181818181818184,0.009090909090909087,0.0,0.0,-0.06363636363636363,0.0,-2.8291102318479838e-18,-5.6582204636959675e-18,0.0,0.0,0.0,0.0
0.0,0.16666666666666666,0.0,0.0,0.4444444444444444,0.1111111111111111,0.2222222222222222,0.0,0.0,0.2222222222222222,0.0,0.0,0.0,0.0,0.0,0.0,0.05555555555555555,0.0,-0.001031991744066052,0.0,0.0,0.002063983488132096,-0.002063983488132098,0.014447884416924664,0.0,0.0,-0.026831785345717247,0.0,0.0,0.0,0.0,0.0,0.0,-0.017543859649122806
0.0,0.037037037037037035,0.0,0.07407407407407407,0.5185185185185185,0.14814814814814814,0.1111111111111111,0.0,0.07407407407407407,0.2222222222222222,0.1111111111111111,0.18518518518518517,0.0,0.07407407407407407,0.0,0.0,0.037037037037037035,0.0,-0.0012210012210012219,0.0,-0.007936507936507938,0.0012210012210012323,-0.004884004884004882,-0.0048840048840048805,0.0,0.007326007326007327,-0.015262515262515259,-0.012210012210012212,0.012820512820512824,0.0,-1.409870956572892e-18,0.0,0.0,0.0018315018315018326
0.0,0.0,0.1111111111111111,0.0,0.5555555555555556,0.3333333333333333,0.1111111111111111,0.0,0.0,0.3333333333333333,0.1111111111111111,0.0,0.1111111111111111,0.0,0.0,0.0,0.1111111111111111,0.0,0.0,0.06666666666666668,0.0,-0.08333333333333341,0.016666666666666642,0.03333333333333334,0.0,0.0,-0.05000000000000007,0.01666666666666666,0.0,-0.05000000000000004,0.0,0.0,0.0,0.06666666666666668
0.0,0.05263157894736842,0.0,0.0,0.6842105263157895,0.05263157894736842,0.15789473684210525,0.0,0.0,0.10526315789473684,0.15789473684210525,0.10526315789473684,0.05263157894736842,0.0,0.0,0.0,0.05263157894736842,0.0,0.01578947368421053,0.0,0.0,0.01578947368421054,-0.007017543859649122,-0.014035087719298244,0.0,0.0,-0.022807017543859647,-0.0017543859649122788,-0.003508771929824564,-0.007017543859649122,0.0,0.0,0.0,-0.015789473684210527
0.0,0.16666666666666666,0.0,0.16666666666666666,0.3333333333333333,0.16666666666666666,0.3333333333333333,0.0,0.0,0.3333333333333333,0.16666666666666666,0.16666666666666666,0.0,0.16666666666666666,0.0,0.0,0.0,0.0,0.08571428571428572,0.0,-0.02857142857142856,0.05714285714285711,0.028571428571428574,0.05714285714285711,0.0,0.0,-0.2285714285714285,0.028571428571428574,-0.08571428571428573,0.0,-0.02857142857142856,0.0,0.0,0.0
0.0,0.0,0.0,0.09090909090909091,0.45454545454545453,0.0,0.18181818181818182,0.0,0.0,0.36363636363636365,0.18181818181818182,0.2727272727272727,0.09090909090909091,0.09090909090909091,0.0,0.0,0.0,0.0,0.0,0.0,1.4145551159239919e-18,0.018181818181818167,0.0,0.05454545454545453,0.0,0.0,-0.07272727272727272,-0.009090909090909087,0.06363636363636363,0.018181818181818184,1.4145551159239919e-18,0.0,0.0,0.0
0.0,0.25,0.0,0.0,0.875,0.125,0.0625,0.0,0.0,0.25,0.0,0.125,0.0625,0.0,0.0,0.125,0.0,0.0,0.008823529411764713,0.0,0.0,0.0058823529411764774,-0.026470588235294124,-0.01911764705882352,0.0,0.0,-0.011764705882352929,0.0,0.0088235294117647,0.019117647058823527,0.0,0.0,0.020588235294117647,0.0
0.05555555555555555,0.2222222222222222,0.0,0.05555555555555555,0.3888888888888889,0.1111111111111111,0.16666666666666666,0.0,0.0,0.05555555555555555,0.0,0.16666666666666666,0.0,0.1111111111111111,0.0,0.1111111111111111,0.1111111111111111,-0.009287925696594432,-0.035087719298245626,0.0,0.011351909184726524,-0.0030959752321981456,-2.6277928074144916e-18,-0.009287925696594436,0.0,0.0,0.001031991744066047,0.0,0.023735810113519103,0.0,0.010319917440660478,0.0,-0.0020639834881321004,-0.008255933952528377
0.058823529411764705,0.4117647058823529,0.029411764705882353,0.14705882352941177,0.4411764705882353,0.029411764705882353,0.058823529411764705,0.0,0.058823529411764705,0.17647058823529413,0.058823529411764705,0.11764705882352941,0.058823529411764705,0.0,0.0,0.029411764705882353,0.08823529411764706,-0.002444614209320092,0.0009167303284950354,0.00045836516424751703,-0.009320091673032849,-0.0004583651642475326,-0.0032085561497326204,-0.0018334606569900688,0.0,0.005194805194805196,-0.002444614209320089,0.003666921313980139,-0.011000763941940415,0.003361344537815126,0.0,0.0,0.004430863254392665,-0.00504201680672269
0.0,0.0,0.0,0.0,0.6111111111111112,0.16666666666666666,0.16666666666666666,0.0,0.05555555555555555,0.1111111111111111,0.16666666666666666,0.1111111111111111,0.0,0.0,0.0,0.0,0.05555555555555555,0.0,0.0,0.0,0.0,0.0030959752321981456,0.005159958720330238,-0.007223942208462332,0.0,0.01754385964912281,-0.028895768833849336,0.001031991744066048,-0.020639834881320953,0.0,0.0,0.0,0.0,0.005159958720330237
0.037037037037037035,0.14814814814814814,0.0,0.07407407407407407,0.5555555555555556,0.037037037037037035,0.1111111111111111,0.0,0.0,0.3333333333333333,0.07407407407407407,0.037037037037037035,0.0,0.0,0.0,0.037037037037037035,0.0,0.007936507936507938,0.01037851037851038,0.0,-0.0024420024420024455,-0.004273504273504278,-0.0012210012210012219,-0.012210012210012208,0.0,0.0,-0.023809523809523805,-0.0012210012210012208,0.004273504273504276,0.0,0.0,0.0,-0.0006105006105006101,0.0
0.0,0.1111111111111111,0.07407407407407407,0.07407407407407407,0.5925925925925926,0.14814814814814814,0.07407407407407407,0.0,0.0,0.07407407407407407,0.18518518518518517,0.037037037037037035,0.037037037037037035,0.0,0.0,0.0,0.0,0.0,0.009768009768009768,0.0012210012210012212,0.014041514041514044,-0.014652014652014647,-0.0036630036630036617,-0.0061050061050061085,0.0,0.0,-0.009157509157509161,-0.002442002442002436,-0.003052503052503053,-0.003052503052503053,0.0,0.0,0.0,0.0
0.0,0.25,0.0,0.1,0.55,0.15,0.1,0.0,0.0,0.1,0.05,0.1,0.0,0.0,0.0,0.0,0.05,0.0,-0.014285714285714275,0.0,-0.010526315789473672,0.015789473684210544,0.017293233082706767,-0.010526315789473672,0.0,0.0,-0.004511278195488718,0.008270676691729326,-0.00902255639097743,0.0,0.0,0.0,0.0,-0.014285714285714303
0.0,0.14285714285714285,0.0,0.14285714285714285,0.42857142857142855,0.0,0.2857142857142857,0.0,0.0,0.42857142857142855,0.0,0.2857142857142857,0.0,0.07142857142857142,0.0,0.0,0.0,0.0,0.03516483516483517,0.0,0.03076923076923077,-0.06593406593406596,0.0,-0.017582417582417582,0.0,0.0,-0.021978021978022004,0.0,-0.008791208791208796,0.0,-0.019780219780219783,0.0,0.0,0.0
0.0625,0.0,0.0,0.0,0.8125,0.0,0.0625,0.0,0.0,0.375,0.1875,0.1875,0.0,0.125,0.0,0.0625,0.0,0.007352941176470587,0.0,0.0,0.0,-0.004411764705882356,0.0,-0.01911764705882352,0.0,0.0,-0.026470588235294114,-0.03970588235294116,0.016176470588235306,0.0,0.005882352941176473,0.0,-0.004411764705882352,0.0
0.0,0.2608695652173913,0.0,0.043478260869565216,0.34782608695652173,0.30434782608695654,0.34782608695652173,0.0,0.0,0.21739130434782608,0.043478260869565216,0.08695652173913043,0.08695652173913043,0.0,0.0,0.08695652173913043,0.0,0.0,0.0029644268774703555,0.0,-9.011028100685624e-19,0.003952569169960484,-0.004940711462450587,0.008893280632411084,0.0,0.0,-0.01877470355731228,-0.008893280632411068,-0.010869565217391306,0.013833992094861667,0.0,0.0,-0.005928853754940711,0.0
0.0,0.15384615384615385,0.0,0.0,0.6153846153846154,0.07692307692307693,0.15384615384615385,0.0,0.07692307692307693,0.38461538461538464,0.0,0.07692307692307693,0.0,0.07692307692307693,0.0,0.0,0.0,0.0,0.01098901098901099,0.0,0.0,6.096514164465498e-17,-0.005494505494505487,-0.03296703296703296,0.0,0.027472527472527465,-0.07692307692307691,0.0,0.0054945054945055,0.0,0.027472527472527465,0.0,0.0,0.0
0.0,0.05555555555555555,0.0,0.0,0.8333333333333334,0.05555555555555555,0.05555555555555555,0.0,0.0,0.4444444444444444,0.05555555555555555,0.05555555555555555,0.0,0.0,0.0,0.05555555555555555,0.0,0.0,-0.011351909184726526,0.0,0.0,0.03199174406604748,-0.0030959752321981443,-0.017543859649122806,0.0,0.0,-0.0020639834881320883,-0.011351909184726526,0.005159958720330237,0.0,0.0,0.0,-0.007223942208462337,0.0
0.0,0.0,0.0,0.06666666666666667,0.5333333333333333,0.2,0.4,0.0,0.0,0.26666666666666666,0.06666666666666667,0.13333333333333333,0.06666666666666667,0.0,0.0,0.0,0.13333333333333333,0.0,0.0,0.0,-0.0071428571428571435,0.028571428571428553,-0.02857142857142856,0.06785714285714284,0.0,0.0,-0.021428571428571443,-0.014285714285714284,0.039285714285714264,0.01428571428571428,0.0,0.0,0.0,-0.007142857142857168
0.0,0.038461538461538464,0.0,0.038461538461538464,0.4230769230769231,0.038461538461538464,0.07692307692307693,0.0,0.0,0.38461538461538464,0.0,0.5,0.0,0.0,0.0,0.11538461538461539,0.11538461538461539,0.0,0.00854700854700855,0.0,0.0003418803418803421,-0.015384615384615387,-0.007179487179487182,0.0006837606837606865,0.0,0.0,-0.031452991452991456,0.0,-0.0023931623931623953,0.0,0.0,0.0,0.012649572649572656,0.006495726495726494
0.25,0.625,0.0,0.0,0.625,0.0,0.125,0.0,0.0,0.0,0.0,0.0,0.0,0.0,0.0,0.0,0.0,2.3457742823987842e-17,0.011904761904761925,0.0,0.0,-0.011904761904761887,0.0,0.08333333333333331,0.0,0.0,0.0,0.0,0.0,0.0,0.0,0.0,0.0,0.0
0.13333333333333333,0.06666666666666667,0.0,0.13333333333333333,0.7333333333333333,0.06666666666666667,0.06666666666666667,0.0,0.0,0.26666666666666666,0.0,0.0,0.0,0.0,0.0,0.0,0.0,0.014285714285714278,0.021428571428571422,0.0,0.024999999999999988,-0.014285714285714308,-0.01071428571428571,0.01785714285714285,0.0,0.0,0.010714285714285711,0.0,0.0,0.0,0.0,0.0,0.0,0.0
0.2,0.0,0.0,0.2,0.5333333333333333,0.06666666666666667,0.26666666666666666,0.0,0.0,0.2,0.06666666666666667,0.3333333333333333,0.0,0.0,0.0,0.0,0.0,0.03214285714285713,0.0,0.0,-5.227192183884881e-18,-0.035714285714285726,-0.003571428571428572,-0.0035714285714285752,0.0,0.0,-0.039285714285714264,0.021428571428571422,-0.010714285714285711,0.0,0.0,0.0,0.0,0.0
0.0,0.0,0.0,0.0,1.0,0.0,0.1,0.0,0.0,0.1,0.0,0.1,0.0,0.0,0.0,0.1,0.0,0.0,0.0,0.0,0.0,-5.261114901592134e-17,0.0,0.04242424242424244,0.0,0.0,-0.04242424242424247,0.0,0.04242424242424244,0.0,0.0,0.0,-0.0181818181818182,0.0
0.2,0.2,0.1,0.0,0.6,0.0,0.4,0.0,0.0,0.3,0.1,0.1,0.0,0.0,0.0,0.0,0.1,0.04848484848484851,-0.06060606060606067,0.030303030303030314,0.0,0.012121212121212128,0.0,-0.04848484848484853,0.0,0.0,-0.01818181818181822,0.018181818181818188,0.00606060606060606,0.0,0.0,0.0,0.0,-0.05454545454545454
0.0,0.0,0.0,0.0,0.45454545454545453,0.45454545454545453,0.2727272727272727,0.0,0.0,0.2727272727272727,0.0,0.2727272727272727,0.2727272727272727,0.09090909090909091,0.0,0.0,0.0,0.0,0.0,0.0,0.0,0.09090909090909087,0.10909090909090906,0.05454545454545454,0.0,0.0,-0.045454545454545414,0.0,-0.08181818181818179,0.08181818181818179,-0.027272727272727264,0.0,0.0,0.0
0.0,0.037037037037037035,0.0,0.037037037037037035,0.48148148148148145,0.25925925925925924,0.37037037037037035,0.0,0.0,0.2962962962962963,0.0,0.18518518518518517,0.037037037037037035,0.0,0.0,0.07407407407407407,0.0,0.0,0.0061050061050061085,0.0,-0.0018315018315018317,0.00976800976800977,-0.004884004884004886,0.0048840048840048875,0.0,0.0,-0.018925518925518935,0.0,-0.013431013431013432,0.0018315018315018326,0.0,0.0,-0.004273504273504275,0.0
0.10344827586206896,0.41379310344827586,0.0,0.034482758620689655,0.5862068965517241,0.034482758620689655,0.10344827586206896,0.0,0.034482758620689655,0.13793103448275862,0.034482758620689655,0.034482758620689655,0.034482758620689655,0.0,0.0,0.06896551724137931,0.06896551724137931,-0.016748768472906406,0.00886699507389163,0.0,0.006896551724137928,-0.012807881773399008,-0.005911330049261081,-0.0054187192118226556,0.0,0.00394088669950739,-0.02266009852216748,-0.00541871921182266,0.0004926108374384232,4.740254730211458e-19,0.0,0.0,-0.010344827586206896,0.010837438423645318
0.0,0.2857142857142857,0.0,0.14285714285714285,0.2857142857142857,0.35714285714285715,0.07142857142857142,0.0,0.0,0.07142857142857142,0.0,0.07142857142857142,0.0,0.07142857142857142,0.0,0.07142857142857142,0.0,0.0,0.04395604395604396,0.0,-0.013186813186813185,-0.0351648351648352,0.02417582417582418,-0.024175824175824197,0.0,0.0,-0.019780219780219783,0.0,0.01098901098901099,0.0,-0.0021978021978022,0.0,0.0021978021978021974,0.0
0.0,0.2,0.0,0.1,0.4,0.2,0.2,0.0,0.0,0.5,0.1,0.2,0.0,0.0,0.1,0.0,0.1,0.0,-1.3152787253980335e-17,0.0,-0.0181818181818182,0.012121212121212106,0.03636363636363637,0.04848484848484852,0.0,0.0,0.07878787878787881,-0.04242424242424247,-0.024242424242424256,0.0,0.0,0.00606060606060606,0.0,-0.05454545454545454
0.047619047619047616,0.047619047619047616,0.0,0.09523809523809523,0.6190476190476191,0.14285714285714285,0.09523809523809523,0.0,0.0,0.19047619047619047,0.0,0.047619047619047616,0.0,0.0,0.0,0.0,0.047619047619047616,0.006493506493506491,0.009090909090909089,0.0,-0.010389610389610381,-0.03116883116883116,0.014285714285714285,0.0025974025974025965,0.0,0.0,-0.03896103896103893,0.0,-0.010389610389610384,0.0,0.0,0.0,0.0,-0.012987012987013002
0.0,0.08333333333333333,0.0,0.0,0.5,0.08333333333333333,0.4583333333333333,0.0,0.0,0.125,0.08333333333333333,0.20833333333333334,0.041666666666666664,0.041666666666666664,0.0,0.08333333333333333,0.041666666666666664,0.0,0.013913043478260872,0.0,0.0,0.023478260869565212,0.010434782608695653,0.012608695652173912,0.0,0.0,-0.011739130434782615,0.003478260869565219,0.002173913043478257,-0.003913043478260871,-0.007391304347826088,0.0,-0.01304347826086957,-0.010000000000000012
0.0,0.0,0.0,0.09090909090909091,0.36363636363636365,0.0,0.2727272727272727,0.0,0.0,0.2727272727272727,0.09090909090909091,0.09090909090909091,0.0,0.18181818181818182,0.0,0.09090909090909091,0.09090909090909091,0.0,0.0,0.0,1.4145551159239919e-18,-0.009090909090909094,0.0,0.07272727272727271,0.0,0.0,0.03636363636363635,-0.027272727272727264,-0.01818181818181818,0.0,0.009090909090909087,0.0,-0.01818181818181818,-0.04545454545454542
0.0,0.0,0.0,0.0,0.8888888888888888,0.1111111111111111,0.3333333333333333,0.0,0.0,0.6666666666666666,0.2222222222222222,0.3333333333333333,0.0,0.0,0.0,0.0,0.0,0.0,0.0,0.0,0.0,0.049999999999999954,-0.05000000000000004,-0.06666666666666675,0.0,0.0,-0.05,-0.0666666666666667,-3.1092463804238905e-17,0.0,0.0,0.0,0.0,0.0
0.0625,0.0625,0.0,0.1875,0.5,0.125,0.25,0.0,0.125,0.1875,0.0625,0.0625,0.0625,0.0625,0.0,0.0,0.0,0.019117647058823527,0.016176470588235296,0.0,-0.022058823529411756,0.005882352941176471,-0.008823529411764711,-0.017647058823529408,0.0,0.03529411764705882,-0.033823529411764704,-0.022058823529411752,-0.01911764705882352,0.004411764705882352,-0.01911764705882352,0.0,0.0,0.0
0.0,0.06666666666666667,0.0,0.0,0.6,0.06666666666666667,0.2,0.0,0.0,0.3333333333333333,0.2,0.06666666666666667,0.0,0.0,0.0,0.2,0.0,0.0,0.01428571428571428,0.0,0.0,0.014285714285714249,-0.0071428571428571435,-3.4847947892565875e-18,0.0,0.0,-0.05357142857142854,-0.014285714285714284,-0.003571428571428572,0.0,0.0,0.0,0.010714285714285699,0.0
0.0,0.25,0.0,0.041666666666666664,0.5,0.041666666666666664,0.041666666666666664,0.0,0.08333333333333333,0.16666666666666666,0.041666666666666664,0.125,0.0,0.0,0.0,0.041666666666666664,0.041666666666666664,0.0,-6.753476274573273e-18,0.0,-0.003043478260869567,-0.004347826086956531,0.00565217391304348,-0.006521739130434784,0.0,0.0026086956521739137,-0.0017391304347826103,0.00565217391304348,0.002173913043478258,0.0,0.0,0.0,-0.004782608695652176,-0.010000000000000012
0.03333333333333333,0.16666666666666666,0.0,0.03333333333333333,0.6333333333333333,0.16666666666666666,0.06666666666666667,0.0,0.06666666666666667,0.23333333333333334,0.0,0.0,0.03333333333333333,0.0,0.0,0.03333333333333333,0.0,-0.004671857619577309,-0.012235817575083434,0.0,-0.004671857619577309,0.006451612903225786,0.0011123470522803106,-0.0017797552836484995,0.0,0.005784204671857619,-0.006896551724137948,0.0,0.0,0.006006674082313685,0.0,0.0,-0.0015572858731924366,0.0
0.0,0.0,0.0,0.0,0.8333333333333334,0.16666666666666666,0.16666666666666666,0.0,0.0,0.6666666666666666,0.0,0.0,0.0,0.0,0.0,0.0,0.0,0.0,0.0,0.0,0.0,-0.14285714285714282,0.028571428571428574,0.1428571428571428,0.0,0.0,-0.22857142857142854,0.0,0.0,0.0,0.0,0.0,0.0,0.0
0.0,0.047619047619047616,0.047619047619047616,0.047619047619047616,0.5714285714285714,0.14285714285714285,0.14285714285714285,0.0,0.047619047619047616,0.23809523809523808,0.0,0.047619047619047616,0.047619047619047616,0.14285714285714285,0.0,0.047619047619047616,0.0,0.0,-0.003896103896103892,-0.0051948051948051905,-0.007792207792207789,0.025974025974025976,-0.0051948051948051905,-0.0038961038961038887,0.0,2.0723794706594066e-18,0.012987012987012984,0.0,-0.002597402597402595,-0.010389610389610384,-0.02077922077922079,0.0,-0.0012987012987012963,0.0
0.05263157894736842,0.10526315789473684,0.0,0.0,0.7368421052631579,0.0,0.2631578947368421,0.0,0.0,0.15789473684210525,0.15789473684210525,0.05263157894736842,0.0,0.0,0.0,0.0,0.0,0.01578947368421053,-0.01578947368421053,0.0,0.0,0.0017543859649122872,0.0,-0.03333333333333334,0.0,0.0,-0.02982456140350877,0.008771929824561408,0.01403508771929825,0.0,0.0,0.0,0.0,0.0
0.05263157894736842,0.10526315789473684,0.0,0.05263157894736842,0.15789473684210525,0.0,0.3157894736842105,0.0,0.0,0.3684210526315789,0.10526315789473684,0.42105263157894735,0.0,0.0,0.0,0.0,0.0,0.01403508771929825,0.02807017543859651,0.0,0.01228070175438597,-0.02982456140350878,0.0,0.019298245614035092,0.0,0.0,-0.03157894736842106,-0.019298245614035092,-0.03508771929824562,0.0,0.0,0.0,0.0,0.0
0.0,0.0,0.0,0.0,0.48,0.44,0.56,0.0,0.0,0.4,0.0,0.48,0.0,0.0,0.0,0.0,0.0,0.0,0.0,0.0,0.0,-0.0015384615384615493,0.015384615384615394,0.010000000000000007,0.0,0.0,-0.006153846153846156,0.0,0.04461538461538462,0.0,0.0,0.0,0.0,0.0
0.0,0.2857142857142857,0.0,0.0,0.5714285714285714,0.14285714285714285,0.42857142857142855,0.0,0.0,0.7142857142857143,0.0,0.0,0.0,0.0,0.0,0.0,0.0,0.0,0.07142857142857141,0.0,0.0,-0.17857142857142855,0.10714285714285712,0.10714285714285712,0.0,0.0,-0.07142857142857136,0.0,0.0,0.0,0.0,0.0,0.0,0.0
0.058823529411764705,0.058823529411764705,0.0,0.0,0.7058823529411765,0.0,0.058823529411764705,0.0,0.0,0.11764705882352941,0.17647058823529413,0.058823529411764705,0.0,0.0,0.0,0.0,0.058823529411764705,-0.007352941176470591,-6.099628253816245e-18,0.0,0.0,-0.007352941176470625,0.0,-0.004901960784313732,0.0,0.0,-0.01960784313725492,0.014705882352941176,0.019607843137254898,0.0,0.0,0.0,0.0,-0.019607843137254884
0.045454545454545456,0.09090909090909091,0.0,0.18181818181818182,0.6363636363636364,0.0,0.13636363636363635,0.0,0.045454545454545456,0.22727272727272727,0.045454545454545456,0.045454545454545456,0.18181818181818182,0.045454545454545456,0.0,0.0,0.0,0.01185770750988142,-0.009034443817052503,0.0,0.02710333145115754,-0.031620553359683785,0.0,-0.015245623941276105,0.0,0.0062111801242236,-0.024280067758328625,-0.009599096555618287,-0.010728402032749853,0.029361942405420664,0.0005646527385657856,0.0,0.0,0.0
0.0,0.1875,0.0,0.125,0.4375,0.0625,0.25,0.0,0.0,0.25,0.125,0.25,0.125,0.125,0.0,0.0625,0.0,0.0,-0.00441176470588235,0.0,0.017647058823529408,-0.03676470588235294,0.004411764705882352,0.02941176470588235,0.0,0.0,0.044117647058823525,-0.04117647058823528,0.008823529411764704,-0.002941176470588238,0.023529411764705885,0.0,-0.01911764705882352,0.0
0.09090909090909091,0.22727272727272727,0.0,0.13636363636363635,0.5,0.045454545454545456,0.09090909090909091,0.0,0.0,0.36363636363636365,0.0,0.18181818181818182,0.0,0.0,0.0,0.045454545454545456,0.09090909090909091,-0.004517221908526252,-0.011857707509881405,0.0,-0.01298701298701298,-0.02428006775832861,0.0028232636928289118,-0.004517221908526251,0.0,0.0,0.002258610954263117,0.0,-0.012422360248447185,0.0,0.0,0.0,0.008469791078486732,0.015810276679841893
0.0,0.06666666666666667,0.0,0.06666666666666667,0.6,0.0,0.0,0.0,0.0,0.4666666666666667,0.13333333333333333,0.13333333333333333,0.0,0.06666666666666667,0.0,0.0,0.0,0.0,0.01071428571428571,0.0,0.007142857142857138,0.03928571428571427,0.0,0.0,0.0,0.0,-0.0035714285714285683,-0.017857142857142884,-0.010714285714285707,0.0,0.007142857142857138,0.0,0.0,0.0
0.125,0.20833333333333334,0.041666666666666664,0.041666666666666664,0.6666666666666666,0.125,0.08333333333333333,0.0,0.0,0.2916666666666667,0.0,0.0,0.0,0.0,0.0,0.041666666666666664,0.0,-0.0013043478260869592,-0.00478260869565218,0.0030434782608695643,-0.005652173913043479,-0.006956521739130445,0.010869565217391306,0.0026086956521739137,0.0,0.0,0.008260869565217389,0.0,0.0,0.0,0.0,0.0,0.0013043478260869562,0.0
0.0,0.3333333333333333,0.0,0.0,0.4166666666666667,0.08333333333333333,0.5,0.0,0.0,0.16666666666666666,0.0,0.16666666666666666,0.0,0.0,0.0,0.0,0.08333333333333333,0.0,0.04895104895104895,0.0,0.0,-0.08041958041958047,0.0034965034965034896,0.06993006993006992,0.0,0.0,-0.03496503496503497,0.0,0.02097902097902097,0.0,0.0,0.0,0.0,0.03146853146853148
0.0,0.0,0.0,0.0,0.47058823529411764,0.23529411764705882,0.11764705882352941,0.0,0.0,0.47058823529411764,0.058823529411764705,0.058823529411764705,0.0,0.11764705882352941,0.0,0.0,0.11764705882352941,0.0,0.0,0.0,0.0,-0.004901960784313753,-0.026960784313725502,-0.004901960784313736,0.0,0.0,-0.019607843137254933,-0.019607843137254884,0.014705882352941181,0.0,0.014705882352941173,0.0,0.0,0.03676470588235294
0.0,0.058823529411764705,0.0,0.058823529411764705,0.5882352941176471,0.0,0.17647058823529413,0.0,0.058823529411764705,0.29411764705882354,0.11764705882352941,0.11764705882352941,0.058823529411764705,0.058823529411764705,0.0,0.058823529411764705,0.058823529411764705,0.0,-0.007352941176470591,0.0,0.009803921568627449,0.041666666666666644,0.0,-0.0343137254901961,0.0,-0.004901960784313732,-0.04411764705882356,-0.014705882352941185,0.0196078431372549,-6.099628253816245e-18,0.014705882352941181,0.0,0.009803921568627449,-0.019607843137254884
0.0,0.17647058823529413,0.0,0.11764705882352941,0.47058823529411764,0.058823529411764705,0.29411764705882354,0.0,0.0,0.35294117647058826,0.058823529411764705,0.35294117647058826,0.0,0.11764705882352941,0.0,0.0,0.0,0.0,0.031862745098039214,0.0,0.01225490196078431,-0.05147058823529414,0.009803921568627449,-0.022058823529411794,0.0,0.0,-0.026960784313725502,-0.004901960784313732,-0.01715686274509806,0.0,-0.026960784313725485,0.0,0.0,0.0
0.0,0.125,0.0,0.25,0.375,0.125,0.375,0.0,0.0,0.375,0.125,0.0,0.0,0.0,0.0,0.0,0.0,0.0,0.059523809523809514,0.0,0.119047619047619,-0.08333333333333327,-0.059523809523809514,0.08333333333333331,0.0,0.0,-0.08333333333333331,-0.01190476190476189,0.0,0.0,0.0,0.0,0.0,0.0
0.025,0.075,0.0,0.05,0.625,0.15,0.125,0.0,0.05,0.1,0.1,0.0,0.0,0.0,0.025,0.0,0.05,-9.380863039399591e-05,9.380863039399533e-05,0.0,0.004690431519699811,-0.00290806754221388,0.0,0.00046904315196998183,0.0,0.0018761726078799245,-0.009943714821763596,0.0022514071294559086,0.0,0.0,0.0,-0.0014071294559099435,0.0,-0.0035647279549718552
0.0,0.0,0.0,0.041666666666666664,0.5,0.25,0.125,0.0,0.0,0.5,0.08333333333333333,0.125,0.0,0.041666666666666664,0.0,0.0,0.041666666666666664,0.0,0.0,0.0,-0.007391304347826088,-0.026956521739130455,0.018260869565217393,0.01608695652173913,0.0,0.0,-0.03478260869565221,0.011304347826086959,0.01956521739130435,0.0,-0.008260869565217394,0.0,0.0,0.00565217391304348
0.0,0.07142857142857142,0.0,0.07142857142857142,0.7857142857142857,0.07142857142857142,0.07142857142857142,0.0,0.0,0.6428571428571429,0.07142857142857142,0.0,0.0,0.0,0.0,0.0,0.07142857142857142,0.0,0.015384615384615385,0.0,0.015384615384615385,-0.010989010989010999,0.019780219780219786,-0.02857142857142859,0.0,0.0,0.037362637362637355,-0.0065934065934065925,0.0,0.0,0.0,0.0,0.0,-0.024175824175824197
0.0,0.125,0.0,0.0,0.5,0.125,0.375,0.0,0.0,0.375,0.125,0.125,0.0,0.0,0.0,0.0,0.0,0.0,0.059523809523809514,0.0,0.0,-0.023809523809523774,-0.01190476190476189,-0.035714285714285705,0.0,0.0,-0.15476190476190463,-0.0357142857142857,0.03571428571428569,0.0,0.0,0.0,0.0,0.0
0.09090909090909091,0.09090909090909091,0.0,0.0,0.8181818181818182,0.13636363636363635,0.22727272727272727,0.0,0.0,0.36363636363636365,0.0,0.045454545454545456,0.09090909090909091,0.0,0.0,0.045454545454545456,0.0,0.011293054771315642,-0.006775832862789378,0.0,0.0,-0.014680971202710313,0.0028232636928289152,-0.02428006775832861,0.0,0.0,-0.012422360248447185,0.0,-0.0028232636928289087,-0.020327498588368142,0.0,0.0,-0.00395256916996047,0.0
0.0,0.3,0.0,0.0,0.5,0.2,0.0,0.0,0.1,0.3,0.0,0.0,0.1,0.0,0.0,0.0,0.1,0.0,0.054545454545454564,0.0,0.0,-0.018181818181818177,0.024242424242424246,0.0,0.0,-0.0060606060606060675,-0.01818181818181822,0.0,0.0,0.04242424242424244,0.0,0.0,0.0,-0.05454545454545454
0.1,0.2,0.0,0.1,0.6,0.0,0.2,0.0,0.0,0.2,0.0,0.1,0.1,0.0,0.0,0.0,0.0,-0.03030303030303032,-0.024242424242424256,0.0,-0.0181818181818182,0.0363636363636364,0.0,-1.3152787253980335e-17,0.0,0.0,-1.9729180880970503e-17,0.0,-0.04242424242424247,0.018181818181818188,0.0,0.0,0.0,0.0
0.0,0.0,0.0,0.0,0.5833333333333334,0.0,0.3333333333333333,0.0,0.0,0.4166666666666667,0.08333333333333333,0.3333333333333333,0.0,0.0,0.0,0.0,0.08333333333333333,0.0,0.0,0.0,0.0,0.038461538461538436,0.0,0.02097902097902097,0.0,0.0,-0.06643356643356647,-0.017482517482517487,0.03496503496503495,0.0,0.0,0.0,0.0,-0.003496503496503503
0.0,0.0,0.0,0.0,0.6666666666666666,0.09523809523809523,0.14285714285714285,0.0,0.0,0.42857142857142855,0.09523809523809523,0.23809523809523808,0.0,0.047619047619047616,0.0,0.09523809523809523,0.047619047619047616,0.0,0.0,0.0,0.0,0.03246753246753248,0.0012987012987013024,-0.015584415584415577,0.0,0.0,-0.0077922077922078,-0.0012987012987012974,-0.023376623376623364,0.0,-0.012987012987013002,0.0,4.144758941318813e-18,-0.0051948051948051905
0.06666666666666667,0.06666666666666667,0.0,0.0,0.4666666666666667,0.2,0.26666666666666666,0.0,0.0,0.4666666666666667,0.06666666666666667,0.13333333333333333,0.0,0.13333333333333333,0.06666666666666667,0.0,0.06666666666666667,-0.01785714285714285,-0.01071428571428571,0.0,0.0,0.017857142857142853,-0.017857142857142846,-0.0035714285714285752,0.0,0.0,0.07142857142857141,-0.021428571428571425,0.014285714285714278,0.0,0.024999999999999994,0.01785714285714285,0.0,-0.025000000000000015
0.0,0.13333333333333333,0.0,0.06666666666666667,0.8,0.13333333333333333,0.2,0.0,0.0,0.2,0.13333333333333333,0.13333333333333333,0.0,0.0,0.0,0.0,0.06666666666666667,0.0,-0.014285714285714301,0.0,0.01428571428571428,0.02499999999999997,0.017857142857142856,0.007142857142857141,0.0,0.0,-0.014285714285714275,0.0,0.003571428571428571,0.0,0.0,0.0,0.0,-0.025000000000000015
0.05555555555555555,0.0,0.05555555555555555,0.05555555555555555,0.5555555555555556,0.1111111111111111,0.0,0.0,0.0,0.3333333333333333,0.05555555555555555,0.05555555555555555,0.0,0.1111111111111111,0.0,0.05555555555555555,0.0,0.007223942208462335,0.0,0.003095975232198142,-0.013415892672858618,-0.014447884416924664,0.02683178534571724,0.0,0.0,0.0,-0.00825593395252837,0.009287925696594434,-0.0030959752321981443,0.0,-0.01444788441692467,0.0,-0.0030959752321981443,0.0
0.13333333333333333,0.3333333333333333,0.0,0.03333333333333333,0.43333333333333335,0.13333333333333333,0.1,0.0,0.0,0.16666666666666666,0.0,0.06666666666666667,0.03333333333333333,0.06666666666666667,0.0,0.0,0.03333333333333333,-0.004449388209121249,0.021357063403781986,0.0,0.006451612903225809,-0.008676307007786436,0.002669632925472749,-0.0006674082313681894,0.0,0.0,-0.002447163515016683,0.0,0.004004449388209121,-0.00289210233592881,0.0026696329254727474,0.0,0.0,-0.006451612903225819
0.0,0.0,0.07692307692307693,0.0,0.3076923076923077,0.38461538461538464,0.46153846153846156,0.0,0.0,0.23076923076923078,0.0,0.23076923076923078,0.0,0.07692307692307693,0.0,0.07692307692307693,0.0,0.0,0.0,-0.005494505494505487,0.0,0.02197802197802198,0.00549450549450553,0.043956043956043966,0.0,0.0,-0.021978021978021952,0.0,0.02747252747252748,0.0,4.354652974618213e-18,0.0,0.010989010989010993,0.0
0.0,0.15384615384615385,0.0,0.038461538461538464,0.6923076923076923,0.038461538461538464,0.15384615384615385,0.0,0.038461538461538464,0.15384615384615385,0.07692307692307693,0.07692307692307693,0.0,0.0,0.0,0.038461538461538464,0.0,0.0,0.005470085470085471,0.0,0.00854700854700855,-0.012307692307692302,0.004444444444444444,0.0027350427350427346,0.0,-0.002393162393162394,0.003418803418803417,-0.007521367521367523,0.0068376068376068385,0.0,0.0,0.0,-0.0037606837606837607,0.0
0.03125,0.125,0.0625,0.0625,0.40625,0.1875,0.15625,0.0,0.0,0.125,0.0,0.03125,0.03125,0.0,0.03125,0.0,0.03125,-0.001282991202346039,0.009897360703812317,0.0014662756598240487,0.0065982404692082105,-0.02327712609970672,0.0040322580645161315,0.0009164222873900325,0.0,0.0,-0.015029325513196468,0.0,0.0023826979472140754,-0.004948680351906155,0.0,-0.0034824046920821083,0.0,-0.005681818181818182
0.0,0.058823529411764705,0.058823529411764705,0.058823529411764705,0.4117647058823529,0.23529411764705882,0.17647058823529413,0.0,0.058823529411764705,0.4117647058823529,0.11764705882352941,0.29411764705882354,0.0,0.0,0.0,0.058823529411764705,0.0,0.0,-0.009803921568627458,-0.014705882352941187,-0.007352941176470591,0.014705882352941194,0.014705882352941173,0.04411764705882353,0.0,-0.007352941176470591,0.0,0.00980392156862744,-0.034313725490196095,0.0,0.0,0.0,-0.007352941176470591,0.0
0.09090909090909091,0.2727272727272727,0.0,0.0,0.36363636363636365,0.09090909090909091,0.18181818181818182,0.0,0.0,0.2727272727272727,0.0,0.0,0.0,0.0,0.0,0.0,0.0,-0.036363636363636355,0.009090909090909078,0.0,0.0,-5.6582204636959675e-18,0.045454545454545435,-0.009090909090909092,0.0,0.0,-0.05454545454545452,0.0,0.0,0.0,0.0,0.0,0.0,0.0
0.0,0.2,0.0,0.24,0.4,0.04,0.16,0.0,0.04,0.12,0.04,0.04,0.0,0.04,0.0,0.0,0.16,0.0,0.006923076923076925,0.0,0.023076923076923075,-0.016923076923076912,-0.0015384615384615378,0.008461538461538463,0.0,-0.003846153846153846,-0.014615384615384601,-0.007692307692307688,-0.0030769230769230748,0.0,0.0007692307692307701,0.0,0.0,-0.0061538461538461695
0.0,0.16666666666666666,0.03333333333333333,0.06666666666666667,0.4,0.2,0.3,0.0,0.03333333333333333,0.13333333333333333,0.1,0.23333333333333334,0.03333333333333333,0.0,0.1,0.0,0.03333333333333333,0.0,-0.0015572858731924383,0.001557285873192436,0.0004449388209121241,0.0057842046718576045,-0.011123470522803134,0.008676307007786429,0.0,-0.004226918798665184,-0.011123470522803129,-0.0028921023359288144,0.021579532814238047,-0.006451612903225819,0.0,-0.003337041156840934,0.0,-0.001112347052280313
0.0,0.2,0.0,0.0,0.5333333333333333,0.13333333333333333,0.13333333333333333,0.0,0.0,0.2,0.13333333333333333,0.13333333333333333,0.0,0.06666666666666667,0.06666666666666667,0.0,0.06666666666666667,0.0,0.014285714285714285,0.0,0.0,-6.969589578513175e-18,0.02857142857142856,0.00714285714285714,0.0,0.0,-0.010714285714285716,0.007142857142857142,-0.028571428571428567,0.0,-0.0071428571428571435,0.01428571428571428,0.0,-0.025000000000000015
0.0,0.0,0.0,0.0,0.7142857142857143,0.07142857142857142,0.21428571428571427,0.0,0.0,0.35714285714285715,0.0,0.21428571428571427,0.07142857142857142,0.0,0.0,0.0,0.0,0.0,0.0,0.0,0.0,0.06593406593406595,0.0021978021978021974,0.0021978021978022065,0.0,0.0,-0.05054945054945058,0.0,-0.024175824175824187,0.0021978021978021974,0.0,0.0,0.0,0.0
0.0,0.09090909090909091,0.0,0.0,0.5,0.3181818181818182,0.13636363636363635,0.0,0.045454545454545456,0.18181818181818182,0.0,0.0,0.0,0.0,0.0,0.09090909090909091,0.045454545454545456,0.0,-0.01581027667984189,0.0,0.0,0.029926595143986438,-0.018633540372670787,-0.00959909655561829,0.0,0.0005646527385657856,-0.03049124788255224,0.0,0.0,0.0,0.0,0.0,-0.005646527385657815,0.003952569169960475
0.034482758620689655,0.06896551724137931,0.0,0.034482758620689655,0.3103448275862069,0.41379310344827586,0.2413793103448276,0.0,0.0,0.5517241379310345,0.0,0.10344827586206896,0.0,0.0,0.0,0.0,0.034482758620689655,-0.00541871921182266,-0.0009852216748768468,0.0,0.004433497536945812,-0.00344827586206897,0.010837438423645322,0.0009852216748768505,0.0,0.0,0.022660098522167486,0.0,-0.010837438423645316,0.0,0.0,0.0,0.0,-0.00394088669950739
0.11764705882352941,0.17647058823529413,0.0,0.0,0.47058823529411764,0.17647058823529413,0.17647058823529413,0.0,0.0,0.17647058823529413,0.058823529411764705,0.17647058823529413,0.0,0.0,0.0,0.0,0.0,-0.007352941176470591,-0.009803921568627458,0.0,0.0,0.03676470588235293,-0.004901960784313735,-0.029411764705882335,0.0,0.0,-0.014705882352941187,-0.019607843137254884,0.007352941176470582,0.0,0.0,0.0,0.0,0.0
0.09523809523809523,0.3333333333333333,0.0,0.047619047619047616,0.2857142857142857,0.2857142857142857,0.14285714285714285,0.0,0.0,0.14285714285714285,0.09523809523809523,0.19047619047619047,0.0,0.0,0.0,0.047619047619047616,0.0,0.014285714285714284,1.4506656294615845e-17,0.0,0.007792207792207791,0.010389610389610364,-0.022077922077922058,-0.007792207792207788,0.0,0.0,-0.019480519480519473,0.007792207792207791,-0.0038961038961038957,0.0,0.0,0.0,-0.0051948051948051905,0.0
0.07692307692307693,0.23076923076923078,0.07692307692307693,0.07692307692307693,0.46153846153846156,0.0,0.15384615384615385,0.0,0.07692307692307693,0.15384615384615385,0.3076923076923077,0.0,0.0,0.0,0.0,0.0,0.07692307692307693,-0.005494505494505487,0.0164835164835165,-0.01098901098901098,4.354652974618213e-18,0.02747252747252747,0.0,-0.038461538461538436,0.0,0.0054945054945055,-0.01098901098901099,-0.02197802197802196,0.0,0.0,0.0,0.0,0.0,0.032967032967032954
0.1111111111111111,0.3888888888888889,0.0,0.0,0.3888888888888889,0.16666666666666666,0.1111111111111111,0.0,0.0,0.3333333333333333,0.05555555555555555,0.1111111111111111,0.0,0.0,0.0,0.16666666666666666,0.0,-0.002063983488132098,0.013415892672858618,0.0,0.0,-0.036119711042311674,0.025799793601651196,0.004127966976264193,0.0,0.0,-0.024767801857585134,-0.005159958720330239,0.030959752321981428,0.0,0.0,0.0,-0.011351909184726519,0.0
0.07142857142857142,0.17857142857142858,0.0,0.07142857142857142,0.32142857142857145,0.14285714285714285,0.14285714285714285,0.0,0.07142857142857142,0.2857142857142857,0.07142857142857142,0.14285714285714285,0.0,0.03571428571428571,0.03571428571428571,0.0,0.0,-0.007115489874110564,-0.005747126436781608,0.0,0.0032840722495894904,-0.0090311986863711,-0.007115489874110567,0.002189381499726328,0.0,-0.0038314176245210726,0.020799124247400103,-0.0038314176245210726,0.008210180623973726,0.0,0.002463054187192118,0.00629447181171319,0.0,0.0
0.09523809523809523,0.23809523809523808,0.0,0.14285714285714285,0.5238095238095238,0.09523809523809523,0.23809523809523808,0.0,0.0,0.23809523809523808,0.0,0.3333333333333333,0.0,0.0,0.0,0.0,0.047619047619047616,-0.01558441558441558,-0.01298701298701298,0.0,0.015584415584415583,-0.02857142857142857,0.010389610389610386,-0.014285714285714277,0.0,0.0,-0.02077922077922076,0.0,0.04025974025974025,0.0,0.0,0.0,0.0,-0.012987012987013002
0.03333333333333333,0.13333333333333333,0.0,0.03333333333333333,0.4666666666666667,0.1,0.26666666666666666,0.0,0.1,0.2,0.0,0.13333333333333333,0.0,0.0,0.0,0.03333333333333333,0.03333333333333333,-0.005561735261401561,-0.006229143492769746,0.0,0.0028921023359288096,-0.01067853170189101,-0.007786429365962184,0.010233592880978862,0.0,0.006006674082313682,-0.01379310344827587,0.0,-0.008453837597330371,0.0,0.0,0.0,-0.0006674082313681877,-0.006451612903225819
0.2,0.3,0.0,0.0,0.6,0.2,0.2,0.0,0.0,0.5,0.0,0.0,0.0,0.0,0.0,0.0,0.0,0.012121212121212116,-0.0060606060606060745,0.0,0.0,-0.012121212121212116,-1.3152787253980335e-17,0.024242424242424253,0.0,0.0,0.03030303030303027,0.0,0.0,0.0,0.0,0.0,0.0,0.0
0.0,0.041666666666666664,0.0,0.041666666666666664,0.6666666666666666,0.125,0.20833333333333334,0.0,0.0,0.3333333333333333,0.08333333333333333,0.20833333333333334,0.0,0.0,0.0,0.041666666666666664,0.0,0.0,-0.003913043478260871,0.0,-0.003913043478260871,-0.008695652173913035,0.006521739130434781,0.011739130434782608,0.0,0.0,-0.02086956521739132,-0.000869565217391314,-0.0013043478260869584,0.0,0.0,0.0,0.0021739130434782618,0.0
0.05,0.15,0.0,0.0,0.75,0.15,0.25,0.0,0.0,0.4,0.05,0.15,0.05,0.0,0.0,0.15,0.0,-0.011278195488721806,-0.006766917293233077,0.0,0.0,-0.009774436090225562,0.003759398496240604,0.042857142857142844,0.0,0.0,0.0030075187969924636,-0.002255639097744361,0.009774436090225566,-0.00977443609022556,0.0,0.0,0.0022556390977443446,0.0
0.041666666666666664,0.16666666666666666,0.0,0.0,0.5416666666666666,0.125,0.2916666666666667,0.0,0.041666666666666664,0.125,0.041666666666666664,0.16666666666666666,0.0,0.08333333333333333,0.0,0.0,0.0,-0.006521739130434784,-0.008695652173913049,0.0,0.0,-0.023913043478260888,0.022173913043478263,-0.013478260869565226,0.0,0.006521739130434783,0.008260869565217394,-0.005652173913043479,0.008695652173913042,0.0,0.013043478260869566,0.0,0.0,0.0
0.0,0.08,0.0,0.04,0.52,0.28,0.2,0.0,0.0,0.2,0.12,0.08,0.04,0.0,0.0,0.0,0.0,0.0,0.01,0.0,0.00769230769230769,-0.028461538461538458,0.002307692307692309,0.01,0.0,0.0,-0.02615384615384616,-0.003076923076923071,-0.0061538461538461495,0.005384615384615384,0.0,0.0,0.0,0.0
0.0,0.2,0.0,0.0,0.4666666666666667,0.13333333333333333,0.4,0.06666666666666667,0.0,0.3333333333333333,0.06666666666666667,0.13333333333333333,0.06666666666666667,0.0,0.0,0.0,0.0,0.0,-0.0071428571428571366,0.0,0.0,0.003571428571428558,0.02857142857142856,0.02142857142857143,-0.01785714285714285,0.0,3.4847947892565875e-18,-0.0071428571428571435,-0.04642857142857144,0.01428571428571428,0.0,0.0,0.0,0.0
0.0,0.14285714285714285,0.0,0.14285714285714285,0.5714285714285714,0.14285714285714285,0.0,0.0,0.0,0.14285714285714285,0.14285714285714285,0.0,0.0,0.0,0.0,0.0,0.14285714285714285,0.0,0.0,0.0,-0.07142857142857144,0.21428571428571425,-0.035714285714285705,0.0,0.0,0.0,-0.035714285714285705,-0.035714285714285705,0.0,0.0,0.0,0.0,0.0,-0.10714285714285712
0.0,0.0,0.0,0.0,0.4,0.3,0.4,0.0,0.0,0.1,0.2,0.1,0.1,0.0,0.0,0.1,0.0,0.0,0.0,0.0,0.0,-0.06060606060606064,-0.030303030303030335,-0.06060606060606064,0.0,0.0,0.00606060606060606,-0.03636363636363638,0.054545454545454564,0.04242424242424244,0.0,0.0,0.018181818181818188,0.0
0.08333333333333333,0.16666666666666666,0.0,0.0,0.5833333333333334,0.16666666666666666,0.08333333333333333,0.0,0.0,0.5833333333333334,0.08333333333333333,0.08333333333333333,0.0,0.0,0.0,0.0,0.0,0.024475524475524476,-0.02797202797202798,0.0,0.0,0.05244755244755241,-0.04195804195804197,0.01748251748251748,0.0,0.0,-0.038461538461538505,0.010489510489510483,-0.010489510489510499,0.0,0.0,0.0,0.0,0.0
0.0,0.18181818181818182,0.0,0.18181818181818182,0.6363636363636364,0.2727272727272727,0.09090909090909091,0.0,0.0,0.18181818181818182,0.0,0.0,0.09090909090909091,0.09090909090909091,0.0,0.09090909090909091,0.0,0.0,0.06363636363636363,0.0,0.027272727272727264,-0.05454545454545452,-2.8291102318479838e-18,0.018181818181818184,0.0,0.0,-0.06363636363636363,0.0,0.0,0.009090909090909092,0.045454545454545435,0.0,0.018181818181818184,0.0
0.0,0.14285714285714285,0.0,0.0,0.5714285714285714,0.0,0.14285714285714285,0.0,0.0,0.42857142857142855,0.42857142857142855,0.42857142857142855,0.0,0.0,0.0,0.0,0.0,0.0,0.0,0.0,0.0,0.03571428571428572,0.0,-0.035714285714285705,0.0,0.0,-0.0357142857142857,-0.03571428571428573,0.07142857142857141,0.0,0.0,0.0,0.0,0.0
0.041666666666666664,0.125,0.0,0.0,0.625,0.0,0.125,0.0,0.08333333333333333,0.125,0.16666666666666666,0.041666666666666664,0.0,0.0,0.0,0.0,0.041666666666666664,0.006521739130434783,-0.00043478260869565533,0.0,0.0,-0.009130434782608696,0.0,-0.013478260869565226,0.0,0.013043478260869566,-0.018695652173913054,0.0017391304347826103,-0.003043478260869567,0.0,0.0,0.0,0.0,-0.010000000000000012
0.0,0.1875,0.0,0.1875,0.3125,0.125,0.1875,0.0,0.0625,0.3125,0.25,0.25,0.0,0.0625,0.0,0.0625,0.0,0.0,-0.007352941176470587,0.0,-0.016176470588235292,-0.03970588235294116,0.032352941176470584,-0.022058823529411766,0.0,0.004411764705882352,0.007352941176470585,0.0029411764705882405,0.02647058823529411,0.0,-0.022058823529411752,0.0,0.019117647058823527,0.0
0.1111111111111111,0.0,0.0,0.0,0.3333333333333333,0.0,0.3333333333333333,0.0,0.0,0.5555555555555556,0.1111111111111111,0.2222222222222222,0.0,0.0,0.0,0.0,0.0,-0.0666666666666667,0.0,0.0,0.0,-0.016666666666666673,0.0,-0.0333333333333334,0.0,0.0,-0.016666666666666732,0.05000000000000001,0.10000000000000002,0.0,0.0,0.0,0.0,0.0
0.0,0.0,0.0,0.0,0.6363636363636364,0.09090909090909091,0.18181818181818182,0.0,0.0,0.45454545454545453,0.0,0.18181818181818182,0.18181818181818182,0.0,0.0,0.0,0.0,0.0,0.0,0.0,0.0,0.04545454545454545,1.4145551159239919e-18,-5.6582204636959675e-18,0.0,0.0,0.03636363636363638,0.0,0.009090909090909078,0.009090909090909087,0.0,0.0,0.0,0.0
0.14285714285714285,0.2857142857142857,0.0,0.0,0.7142857142857143,0.0,0.2857142857142857,0.0,0.0,0.2857142857142857,0.0,0.0,0.0,0.14285714285714285,0.0,0.0,0.0,0.10714285714285712,0.07142857142857141,0.0,0.0,-0.17857142857142858,0.0,-0.10714285714285712,0.0,0.0,-0.0714285714285714,0.0,0.0,0.0,-0.07142857142857144,0.0,0.0,0.0
0.0,0.07142857142857142,0.0,0.07142857142857142,0.5714285714285714,0.0,0.2857142857142857,0.0,0.07142857142857142,0.42857142857142855,0.0,0.35714285714285715,0.0,0.07142857142857142,0.0,0.07142857142857142,0.0,0.0,-0.024175824175824197,0.0,-0.019780219780219783,-0.013186813186813185,0.0,0.01318681318681319,0.0,0.028571428571428577,0.013186813186813195,0.0,-0.006593406593406597,0.0,0.006593406593406595,0.0,0.019780219780219786,0.0
0.0,0.2857142857142857,0.0,0.0,0.5714285714285714,0.0,0.2857142857142857,0.0,0.0,0.42857142857142855,0.14285714285714285,0.0,0.0,0.0,0.0,0.0,0.14285714285714285,0.0,-0.07142857142857141,0.0,0.0,0.21428571428571425,0.0,-0.10714285714285712,0.0,0.0,-0.10714285714285712,-0.035714285714285705,0.0,0.0,0.0,0.0,0.0,-0.10714285714285712
0.05263157894736842,0.10526315789473684,0.05263157894736842,0.0,0.631578947368421,0.05263157894736842,0.15789473684210525,0.0,0.10526315789473684,0.21052631578947367,0.05263157894736842,0.15789473684210525,0.0,0.05263157894736842,0.0,0.05263157894736842,0.05263157894736842,0.008771929824561406,0.01403508771929825,-0.015789473684210527,0.0,-0.01052631578947368,0.0035087719298245623,0.0035087719298245628,0.0,0.008771929824561408,0.01228070175438597,0.010526315789473687,-0.0035087719298245697,0.0,-0.01052631578947369,0.0,0.01578947368421053,-0.015789473684210527
0.0,0.08333333333333333,0.0,0.0,0.6666666666666666,0.0,0.3333333333333333,0.0,0.0,0.6666666666666666,0.0,0.3333333333333333,0.0,0.0,0.0,0.08333333333333333,0.0,0.0,0.0034965034965034896,0.0,0.0,-0.06993006993006995,0.0,0.05594405594405593,0.0,0.0,-0.04895104895104897,0.0,0.06993006993006992,0.0,0.0,0.0,-0.017482517482517487,0.0
0.04,0.08,0.0,0.04,0.56,0.16,0.16,0.0,0.0,0.32,0.04,0.2,0.04,0.04,0.0,0.0,0.0,-0.009230769230769246,-0.003076923076923075,0.0,7.930164461608263e-19,0.02230769230769231,0.006923076923076927,-0.011538461538461534,0.0,0.0,0.01692307692307693,-0.007692307692307688,0.0007692307692307715,-0.00615384615384615,0.003846153846153846,0.0,0.0,0.0
0.0,0.0,0.0,0.0,0.7692307692307693,0.07692307692307693,0.0,0.0,0.0,0.7692307692307693,0.0,0.0,0.0,0.07692307692307693,0.0,0.07692307692307693,0.0,0.0,0.0,0.0,0.0,0.043956043956043994,0.0054945054945055,0.0,0.0,0.0,-0.05494505494505492,0.0,0.0,0.0,-0.02747252747252747,0.0,0.010989010989010993,0.0
0.1111111111111111,0.1111111111111111,0.0,0.2222222222222222,0.4444444444444444,0.1111111111111111,0.2222222222222222,0.0,0.0,0.3333333333333333,0.1111111111111111,0.1111111111111111,0.0,0.0,0.0,0.0,0.1111111111111111,0.05000000000000001,0.06666666666666668,0.0,-0.016666666666666698,-0.08333333333333334,-0.016666666666666677,0.06666666666666667,0.0,0.0,-0.033333333333333354,-0.016666666666666677,-1.3602952914354521e-17,0.0,0.0,0.0,0.0,0.01666666666666666
0.043478260869565216,0.043478260869565216,0.0,0.0,0.4782608695652174,0.17391304347826086,0.13043478260869565,0.0,0.0,0.30434782608695654,0.21739130434782608,0.2608695652173913,0.0,0.0,0.0,0.0,0.0,-9.011028100685624e-19,-0.009881422924901186,0.0,0.0,0.008893280632411085,0.005928853754940714,0.002964426877470358,0.0,0.0,-0.010869565217391335,-0.0266798418972332,0.00296442687747036,0.0,0.0,0.0,0.0,0.0
0.0,0.1,0.0,0.0,0.8,0.1,0.0,0.0,0.0,0.3,0.1,0.0,0.0,0.0,0.0,0.0,0.1,0.0,-0.04242424242424247,0.0,0.0,-0.012121212121212142,0.054545454545454564,0.0,0.0,0.0,0.01818181818181816,-0.0181818181818182,0.0,0.0,0.0,0.0,0.0,-0.05454545454545454
0.05263157894736842,0.05263157894736842,0.05263157894736842,0.05263157894736842,0.631578947368421,0.05263157894736842,0.3684210526315789,0.0,0.05263157894736842,0.10526315789473684,0.05263157894736842,0.15789473684210525,0.0,0.0,0.0,0.0,0.05263157894736842,-0.01052631578947369,0.005263157894736843,-0.01052631578947369,-0.008771929824561406,0.022807017543859668,0.008771929824561406,-0.008771929824561403,0.0,0.01578947368421053,-0.0017543859649122757,-0.008771929824561406,-0.012280701754385963,0.0,0.0,0.0,0.0,-0.015789473684210527
0.0,0.125,0.0,0.1875,0.5,0.125,0.125,0.0,0.0,0.3125,0.125,0.0,0.0,0.0,0.0,0.0,0.0625,0.0,0.014705882352941178,0.0,-0.013235294117647057,-0.04117647058823528,0.01764705882352941,0.01176470588235294,0.0,0.0,-0.030882352941176465,0.03529411764705882,0.0,0.0,0.0,0.0,0.0,0.022058823529411763
0.16666666666666666,0.16666666666666666,0.0,0.0,0.4166666666666667,0.25,0.16666666666666666,0.0,0.0,0.16666666666666666,0.08333333333333333,0.08333333333333333,0.0,0.0,0.0,0.08333333333333333,0.08333333333333333,-0.02797202797202798,-0.02797202797202798,0.0,0.0,-0.03846153846153848,0.003496503496503482,0.06293706293706293,0.0,0.0,-0.027972027972028,0.03146853146853148,-0.024475524475524486,0.0,0.0,0.0,-0.024475524475524486,-0.017482517482517487
0.0,0.09090909090909091,0.0,0.0,0.2727272727272727,0.0,0.09090909090909091,0.0,0.09090909090909091,0.36363636363636365,0.0,0.5454545454545454,0.0,0.09090909090909091,0.09090909090909091,0.0,0.0,0.0,-0.009090909090909094,0.0,0.0,0.03636363636363639,0.0,-0.01818181818181818,0.0,1.4145551159239919e-18,-1.1316440927391935e-17,0.0,-0.09999999999999995,0.0,-0.027272727272727264,1.4145551159239919e-18,0.0,0.0
0.0,0.13793103448275862,0.0,0.10344827586206896,0.5172413793103449,0.1724137931034483,0.13793103448275862,0.0,0.06896551724137931,0.1724137931034483,0.10344827586206896,0.1724137931034483,0.06896551724137931,0.10344827586206896,0.0,0.0,0.0,0.0,-0.0014778325123152695,0.0,-0.0034482758620689655,0.02266009852216749,-0.011822660098522167,-0.006403940886699505,0.0,-0.0004926108374384208,-0.0167487684729064,-0.016748768472906402,-0.009852216748768468,0.0009852216748768463,-0.006896551724137939,0.0,0.0,0.0
0.2222222222222222,0.3333333333333333,0.0,0.1111111111111111,0.5555555555555556,0.1111111111111111,0.1111111111111111,0.0,0.0,0.2222222222222222,0.1111111111111111,0.0,0.0,0.1111111111111111,0.0,0.0,0.0,0.03333333333333333,0.10000000000000002,0.0,0.06666666666666668,-0.13333333333333341,-0.016666666666666677,-0.05000000000000004,0.0,0.0,-0.11666666666666672,-0.016666666666666677,0.0,0.0,0.06666666666666668,0.0,0.0,0.0
0.02564102564102564,0.20512820512820512,0.0,0.02564102564102564,0.38461538461538464,0.1794871794871795,0.28205128205128205,0.0,0.0,0.38461538461538464,0.07692307692307693,0.1282051282051282,0.0,0.02564102564102564,0.0,0.0,0.0,-0.0032388663967611335,-0.010728744939271262,0.0,-0.002631578947368422,0.009919028340080975,-0.00870445344129555,-0.0016194331983805672,0.0,0.0,-0.0074898785425101195,0.001619433198380566,0.005668016194331985,0.0,-0.003036437246963562,0.0,0.0,0.0
0.1,0.23333333333333334,0.03333333333333333,0.03333333333333333,0.3,0.3,0.06666666666666667,0.0,0.03333333333333333,0.23333333333333334,0.06666666666666667,0.1,0.0,0.0,0.0,0.0,0.03333333333333333,0.003781979977753059,0.025139043381535046,-0.006006674082313681,0.00022246941045606206,0.0028921023359288066,-0.011345939933259185,-1.8004931852175257e-18,0.0,0.001557285873192436,-0.01446051167964407,-0.010233592880978873,0.0011123470522803097,0.0,0.0,0.0,0.0,0.003337041156840934
0.0,0.0,0.0,0.0,0.5714285714285714,0.2857142857142857,0.14285714285714285,0.0,0.0,0.5,0.0,0.21428571428571427,0.0,0.0,0.0,0.07142857142857142,0.07142857142857142,0.0,0.0,0.0,0.0,-0.035164835164835186,-0.017582417582417593,0.01318681318681319,0.0,0.0,-0.07692307692307697,0.0,0.06373626373626375,0.0,0.0,0.0,-0.01538461538461539,0.02417582417582418
0.0,0.07894736842105263,0.02631578947368421,0.0,0.6842105263157895,0.13157894736842105,0.18421052631578946,0.0,0.0,0.5263157894736842,0.0,0.05263157894736842,0.02631578947368421,0.0,0.02631578947368421,0.02631578947368421,0.05263157894736842,0.0,-0.0036108983477404527,-0.000547105810263705,0.0,0.0021884232410548147,0.00032826348615822297,-0.005799321588795273,0.0,0.0,-0.001750738592843856,0.0,-0.0017507385928438553,-0.00339205602363497,0.0,-0.0031732136995294875,0.0012036327825801507,-0.0028449502133712674
0.038461538461538464,0.07692307692307693,0.038461538461538464,0.11538461538461539,0.6153846153846154,0.07692307692307693,0.07692307692307693,0.0,0.0,0.2692307692307692,0.038461538461538464,0.07692307692307693,0.0,0.0,0.0,0.0,0.0,0.0003418803418803421,-0.002735042735042736,-0.008547008547008551,0.021538461538461545,-0.0027350427350427355,-1.4936336478672818e-18,-0.004102564102564104,0.0,0.0,-0.021538461538461548,-0.007179487179487182,-0.007521367521367523,0.0,0.0,0.0,0.0,0.0
0.0,0.0,0.0,0.07142857142857142,0.42857142857142855,0.21428571428571427,0.42857142857142855,0.0,0.0,0.35714285714285715,0.17857142857142858,0.17857142857142858,0.0,0.07142857142857142,0.0,0.0,0.0,0.0,0.0,0.0,-0.009304871373836888,-0.01696770662287904,0.010399562123700053,0.019704433497536943,0.0,0.0,-0.014778325123152712,-0.0019157088122605363,0.03037766830870279,0.0,-0.013683634373289547,0.0,0.0,0.0
0.0,0.045454545454545456,0.0,0.045454545454545456,0.4090909090909091,0.3181818181818182,0.2727272727272727,0.0,0.0,0.2727272727272727,0.0,0.13636363636363635,0.09090909090909091,0.045454545454545456,0.045454545454545456,0.045454545454545456,0.0,0.0,-0.00395256916996047,0.0,0.005081874647092037,-0.026538678712591728,0.026538678712591766,0.007905138339920962,0.0,0.0,-0.007905138339920932,0.0,0.014116318464144554,-0.022586109542631287,-0.005081874647092033,-0.005081874647092033,0.0016939582156973486,0.0
0.0,0.0,0.2,0.0,0.8,0.0,0.0,0.0,0.0,0.2,0.0,0.2,0.0,0.0,0.0,0.0,0.2,0.0,0.0,-0.2,0.0,0.2,0.0,0.0,0.0,0.0,-0.1,0.0,-0.1,0.0,0.0,0.0,0.0,-0.2
0.05,0.0,0.0,0.0,0.6,0.1,0.15,0.0,0.05,0.3,0.0,0.2,0.0,0.0,0.0,0.0,0.0,-0.00977443609022556,0.0,0.0,0.0,0.00902255639097747,0.00902255639097744,0.0007518796992481248,0.0,-0.0007518796992481187,-0.0015037593984962541,0.0,4.467779682801508e-18,0.0,0.0,0.0,0.0,0.0
0.0,0.06818181818181818,0.0,0.0,0.4318181818181818,0.4318181818181818,0.4090909090909091,0.0,0.0,0.25,0.022727272727272728,0.06818181818181818,0.022727272727272728,0.0,0.022727272727272728,0.0,0.0,0.0,0.0020436927413671597,0.0,0.0,-0.004721634954193088,-0.00021141649048625529,0.004369274136716001,0.0,0.0,-0.01853417899929526,-0.0027484143763213506,-0.005990133897110636,0.0026074700493305134,0.0,-0.0024665257223396735,0.0,0.0
0.05,0.05,0.0,0.0,0.55,0.15,0.0,0.0,0.05,0.35,0.0,0.1,0.0,0.15,0.0,0.05,0.0,0.0022556390977443628,-0.0007518796992481187,0.0,0.0,-0.030827067669172915,-0.002255639097744356,0.0,0.0,0.0112781954887218,-0.04887218045112781,0.0,0.004511278195488722,0.0,0.02330827067669172,0.0,-0.0052631578947368385,0.0
0.19047619047619047,0.19047619047619047,0.0,0.047619047619047616,0.47619047619047616,0.09523809523809523,0.2857142857142857,0.0,0.0,0.09523809523809523,0.047619047619047616,0.23809523809523808,0.0,0.0,0.0,0.0,0.047619047619047616,0.02467532467532467,0.014285714285714284,0.0,-0.002597402597402595,-0.009090909090909104,-0.016883116883116882,-0.019480519480519463,0.0,0.0,-0.016883116883116882,0.002597402597402598,0.03376623376623376,0.0,0.0,0.0,0.0,-0.012987012987013002
0.045454545454545456,0.18181818181818182,0.0,0.045454545454545456,0.45454545454545453,0.13636363636363635,0.2727272727272727,0.0,0.09090909090909091,0.13636363636363635,0.22727272727272727,0.22727272727272727,0.045454545454545456,0.045454545454545456,0.0,0.13636363636363635,0.045454545454545456,-0.007340485601355165,-0.014680971202710325,0.0,-0.0016939582156973425,-0.013551665725578739,-0.003952569169960472,-0.0022586109542631115,0.0,0.019198193111236588,-0.022021456804065503,-0.031055900621117995,0.018633540372670808,0.005081874647092037,0.0028232636928289118,0.0,-0.019762845849802348,0.01185770750988142
0.0625,0.3125,0.0,0.0,0.375,0.125,0.3125,0.0,0.0,0.1875,0.125,0.125,0.0,0.0,0.0,0.0,0.0,0.004411764705882352,0.05735294117647057,0.0,0.0,0.002941176470588261,-0.020588235294117647,0.054411764705882354,0.0,0.0,-0.03088235294117645,-0.026470588235294124,-1.5764107637235702e-18,0.0,0.0,0.0,0.0,0.0
0.08333333333333333,0.25,0.0,0.08333333333333333,0.5,0.25,0.16666666666666666,0.0,0.0,0.16666666666666666,0.0,0.0,0.16666666666666666,0.0,0.0,0.0,0.0,-0.024475524475524486,-0.03846153846153848,0.0,0.0034965034965034896,-0.04895104895104895,0.0804195804195804,0.04195804195804196,0.0,0.0,-0.04895104895104897,0.0,0.0,0.04895104895104894,0.0,0.0,0.0,0.0
0.0,0.0,0.0,0.0,0.36363636363636365,0.09090909090909091,0.2727272727272727,0.0,0.0,0.5454545454545454,0.09090909090909091,0.45454545454545453,0.0,0.0,0.0,0.0,0.0,0.0,0.0,0.0,0.0,0.03636363636363635,0.009090909090909092,0.01818181818181817,0.0,0.0,0.04545454545454547,0.027272727272727264,-0.06363636363636362,0.0,0.0,0.0,0.0,0.0
0.0,0.21428571428571427,0.0,0.35714285714285715,0.35714285714285715,0.07142857142857142,0.21428571428571427,0.0,0.07142857142857142,0.21428571428571427,0.0,0.07142857142857142,0.0,0.0,0.0,0.0,0.0,0.0,-0.03296703296703296,0.0,0.08131868131868132,-0.05934065934065938,-0.0065934065934065925,-0.01098901098901099,0.0,0.01098901098901099,-0.059340659340659394,0.0,-0.01538461538461539,0.0,0.0,0.0,0.0,0.0
0.23076923076923078,0.07692307692307693,0.07692307692307693,0.15384615384615385,0.07692307692307693,0.07692307692307693,0.0,0.0,0.0,0.38461538461538464,0.07692307692307693,0.23076923076923078,0.15384615384615385,0.07692307692307693,0.0,0.07692307692307693,0.0,0.021978021978021997,-0.005494505494505487,0.032967032967032954,0.04945054945054945,-0.032967032967032975,0.0054945054945055,0.0,0.0,0.0,-0.021978021978021945,-0.02197802197802197,-0.027472527472527434,0.005494505494505504,0.027472527472527465,0.0,0.010989010989010993,0.0
0.0,0.2,0.0,0.06666666666666667,0.5333333333333333,0.13333333333333333,0.13333333333333333,0.0,0.0,0.2,0.06666666666666667,0.2,0.0,0.0,0.0,0.0,0.06666666666666667,0.0,0.03571428571428571,0.0,0.024999999999999994,-0.0071428571428571504,0.014285714285714282,0.0035714285714285674,0.0,0.0,-0.04285714285714283,-0.021428571428571425,-0.017857142857142853,0.0,0.0,0.0,0.0,-0.025000000000000015
0.043478260869565216,0.0,0.0,0.043478260869565216,0.6521739130434783,0.30434782608695654,0.21739130434782608,0.0,0.0,0.2608695652173913,0.043478260869565216,0.043478260869565216,0.0,0.0,0.0,0.08695652173913043,0.0,-0.007905138339920952,0.0,0.0,-0.007905138339920952,-0.0009881422924901343,0.008893280632411077,-0.01679841897233202,0.0,0.0,-0.010869565217391294,-0.009881422924901186,0.008893280632411068,0.0,0.0,0.0,0.007905138339920952,0.0
0.045454545454545456,0.09090909090909091,0.0,0.09090909090909091,0.5454545454545454,0.18181818181818182,0.0,0.0,0.09090909090909091,0.36363636363636365,0.045454545454545456,0.0,0.0,0.0,0.0,0.0,0.0,0.0062111801242236,0.01693958215697346,0.0,-0.0011293054771315601,-0.04291360813099941,0.016939582156973464,0.0,0.0,0.00790513833992095,-0.022586109542631256,0.003952569169960475,0.0,0.0,0.0,0.0,0.0,0.0
0.0,0.1,0.05,0.05,0.7,0.25,0.35,0.0,0.0,0.15,0.0,0.25,0.0,0.0,0.0,0.05,0.05,0.0,-0.015037593984962402,-0.014285714285714303,0.005263157894736843,-0.00300751879699245,0.03684210526315789,0.006766917293233091,0.0,0.0,-0.033834586466165405,0.0,-0.005263157894736834,0.0,0.0,0.0,0.0022556390977443628,-0.014285714285714303
0.05,0.1,0.0,0.05,0.3,0.05,0.2,0.0,0.1,0.15,0.0,0.4,0.0,0.0,0.05,0.0,0.05,-0.0052631578947368385,-0.016541353383458635,0.0,-0.00827067669172932,-0.013533834586466183,0.01278195488721804,-0.006015037593984955,0.0,-0.007518796992481198,0.008270676691729295,0.0,0.016541353383458652,0.0,0.0,-0.0007518796992481187,0.0,0.0037593984962406035
0.0,0.08,0.0,0.04,0.44,0.12,0.32,0.0,0.08,0.36,0.04,0.12,0.0,0.0,0.0,0.08,0.0,0.0,0.003846153846153846,0.0,0.0015384615384615406,-0.006923076923076907,-0.005384615384615375,0.042307692307692296,0.0,0.00307692307692308,-0.03769230769230769,0.0007692307692307701,-0.014615384615384608,0.0,0.0,0.0,-0.009999999999999993,0.0
0.0,0.0,0.0,0.0,0.5,0.3181818181818182,0.09090909090909091,0.0,0.09090909090909091,0.5454545454545454,0.045454545454545456,0.22727272727272727,0.0,0.045454545454545456,0.0,0.045454545454545456,0.0,0.0,0.0,0.0,0.0,-0.019762845849802355,0.005081874647092054,0.011293054771315642,0.0,0.00790513833992095,-0.021456804065499706,-0.005081874647092033,0.010728402032749863,0.0,0.003952569169960475,0.0,-0.006211180124223599,0.0
0.1,0.06666666666666667,0.03333333333333333,0.0,0.4666666666666667,0.13333333333333333,0.16666666666666666,0.0,0.06666666666666667,0.13333333333333333,0.06666666666666667,0.06666666666666667,0.13333333333333333,0.1,0.03333333333333333,0.06666666666666667,0.03333333333333333,-0.015350389321468304,-0.008008898776418246,-0.002447163515016686,0.0,0.010233592880978854,-0.007119021134593998,-0.0033370411568409385,0.0,0.00578420467185762,-1.3803781086667698e-17,-0.005339265850945498,-0.006674082313681871,0.007119021134593992,0.01668520578420468,0.002447163515016686,0.008453837597330368,0.006451612903225809
0.125,0.1875,0.0,0.0,0.625,0.0,0.1875,0.0,0.0,0.25,0.0,0.1875,0.0625,0.0,0.0,0.0625,0.0625,0.014705882352941178,-0.007352941176470581,0.0,0.0,0.03529411764705882,0.0,-0.022058823529411766,0.0,0.0,-0.011764705882352929,0.0,0.004411764705882346,0.019117647058823527,0.0,0.0,0.007352941176470587,-0.022058823529411752
0.0,0.037037037037037035,0.0,0.037037037037037035,0.4444444444444444,0.07407407407407407,0.18518518518518517,0.0,0.037037037037037035,0.2962962962962963,0.0,0.07407407407407407,0.0,0.07407407407407407,0.0,0.037037037037037035,0.1111111111111111,0.0,0.0061050061050061085,0.0,0.0018315018315018326,-0.012210012210012205,0.0030525030525030516,-0.0036630036630036626,0.0,-0.0006105006105006101,0.0012210012210012225,0.0,0.008547008547008548,0.0,-0.00854700854700855,0.0,-0.004884004884004885,-0.011599511599511603
0.0,0.11538461538461539,0.038461538461538464,0.038461538461538464,0.5384615384615384,0.19230769230769232,0.07692307692307693,0.0,0.0,0.07692307692307693,0.038461538461538464,0.07692307692307693,0.038461538461538464,0.0,0.038461538461538464,0.038461538461538464,0.038461538461538464,0.0,0.005128205128205128,-0.008547008547008551,-0.0017094017094017107,-0.00957264957264957,0.0037606837606837602,0.0068376068376068385,0.0,0.0,-0.015042735042735043,0.005128205128205128,0.002051282051282051,0.002393162393162393,0.0,-0.0064957264957264975,-0.007863247863247864,-0.008547008547008551
0.16,0.16,0.0,0.16,0.4,0.16,0.2,0.0,0.0,0.4,0.04,0.12,0.08,0.0,0.0,0.0,0.0,0.006153846153846157,-0.003846153846153845,0.0,0.01,-0.025384615384615377,0.01,0.000769230769230773,0.0,0.0,-0.022307692307692306,-0.008461538461538458,0.0015384615384615393,0.012307692307692306,0.0,0.0,0.0,0.0
0.05263157894736842,0.10526315789473684,0.0,0.05263157894736842,0.42105263157894735,0.0,0.15789473684210525,0.0,0.0,0.21052631578947367,0.10526315789473684,0.2631578947368421,0.0,0.05263157894736842,0.0,0.0,0.10526315789473684,0.0017543859649122812,0.010526315789473686,0.0,-0.005263157894736844,0.03333333333333335,0.0,-0.0017543859649122799,0.0,0.0,-0.029824561403508767,-0.017543859649122816,-0.024561403508771933,0.0,-0.003508771929824562,0.0,0.0,-0.005263157894736843
0.029411764705882353,0.17647058823529413,0.0,0.058823529411764705,0.5,0.2647058823529412,0.058823529411764705,0.0,0.029411764705882353,0.17647058823529413,0.029411764705882353,0.029411764705882353,0.029411764705882353,0.029411764705882353,0.0,0.0,0.058823529411764705,-0.0029029793735676087,0.011917494270435447,0.0,-0.0076394194041252885,-0.014514896867838066,0.005042016806722689,0.00397249809014515,0.0,-0.001680672268907563,-0.014973262032085566,0.0007639419404125281,0.005042016806722689,-0.004736440030557681,0.00106951871657754,0.0,0.0,-0.0021390374331550946
0.06666666666666667,0.13333333333333333,0.0,0.0,0.4,0.2,0.13333333333333333,0.0,0.0,0.26666666666666666,0.0,0.2,0.0,0.13333333333333333,0.0,0.0,0.06666666666666667,0.01071428571428571,0.03571428571428571,0.0,0.0,-0.014285714285714322,0.007142857142857137,-0.03214285714285714,0.0,0.0,-0.010714285714285718,0.0,-0.0071428571428571366,0.0,-0.007142857142857138,0.0,0.0,-0.0071428571428571435
0.12,0.28,0.0,0.16,0.36,0.0,0.0,0.0,0.0,0.16,0.08,0.04,0.0,0.04,0.0,0.04,0.04,0.008461538461538461,0.03307692307692307,0.0,-0.016923076923076916,-0.02,0.0,0.0,0.0,0.0,-0.016153846153846164,-0.006923076923076918,0.0015384615384615406,0.0,-0.007692307692307688,0.0,-0.006923076923076921,0.006153846153846153
0.0,0.0,0.0,0.0,1.0,0.125,0.0,0.0,0.0,0.375,0.0,0.25,0.125,0.125,0.0,0.0,0.0,0.0,0.0,0.0,0.0,3.7532388518380545e-17,0.011904761904761892,0.0,0.0,0.0,-0.01190476190476185,0.0,0.0952380952380952,0.011904761904761892,0.08333333333333331,0.0,0.0,0.0
0.14285714285714285,0.2857142857142857,0.0,0.0,0.8571428571428571,0.14285714285714285,0.14285714285714285,0.0,0.0,0.0,0.0,0.14285714285714285,0.14285714285714285,0.0,0.0,0.0,0.0,0.07142857142857141,0.07142857142857141,0.0,0.0,-0.07142857142857147,-0.035714285714285705,0.10714285714285712,0.0,0.0,0.0,0.0,-0.07142857142857144,-0.035714285714285705,0.0,0.0,0.0,0.0
0.0,0.0,0.0,0.0,0.6666666666666666,0.0,0.3333333333333333,0.0,0.0,0.6666666666666666,0.0,0.5555555555555556,0.0,0.1111111111111111,0.0,0.0,0.1111111111111111,0.0,0.0,0.0,0.0,0.04999999999999999,0.0,-0.016666666666666673,0.0,0.0,0.033333333333333305,0.0,0.06666666666666665,0.0,0.05000000000000001,0.0,0.0,-0.0666666666666667
0.037037037037037035,0.1111111111111111,0.0,0.14814814814814814,0.6296296296296297,0.0,0.07407407407407407,0.0,0.0,0.07407407407407407,0.1111111111111111,0.037037037037037035,0.037037037037037035,0.0,0.0,0.07407407407407407,0.0,-0.003052503052503053,0.007326007326007328,0.0,2.819741913145784e-18,-0.020146520146520148,0.0,0.001831501831501833,0.0,0.0,-0.007326007326007328,0.01953601953601954,-0.0036630036630036634,-0.0073260073260073295,0.0,0.0,0.004884004884004884,0.0
0.0,0.09090909090909091,0.0,0.18181818181818182,0.5454545454545454,0.18181818181818182,0.18181818181818182,0.0,0.09090909090909091,0.18181818181818182,0.0,0.2727272727272727,0.0,0.0,0.0,0.0,0.0,0.0,0.018181818181818184,0.0,2.8291102318479838e-18,-0.0727272727272727,-0.009090909090909092,0.009090909090909082,0.0,0.045454545454545435,-0.009090909090909092,0.0,-0.05454545454545452,0.0,0.0,0.0,0.0,0.0
0.06060606060606061,0.24242424242424243,0.030303030303030304,0.030303030303030304,0.30303030303030304,0.30303030303030304,0.12121212121212122,0.0,0.0,0.15151515151515152,0.09090909090909091,0.0,0.0,0.0,0.0,0.0,0.030303030303030304,-0.0030080213903743306,0.0046791443850267385,-0.0036764705882352945,0.004010695187165775,-0.020387700534759353,0.027072192513368974,0.010360962566844916,0.0,0.0,-0.01336898395721926,-0.004010695187165772,0.0,0.0,0.0,0.0,0.0,-0.004010695187165775
0.0,0.0,0.0,0.0,0.5263157894736842,0.21052631578947367,0.15789473684210525,0.0,0.0,0.47368421052631576,0.0,0.2631578947368421,0.0,0.0,0.05263157894736842,0.05263157894736842,0.0,0.0,0.0,0.0,0.0,-0.021052631578947385,1.2087651888019254e-18,0.01403508771929825,0.0,0.0,-0.017543859649122796,0.0,-0.008771929824561403,0.0,0.0,0.007017543859649125,0.0017543859649122812,0.0
0.0,0.1111111111111111,0.0,0.0,0.6666666666666666,0.1111111111111111,0.0,0.0,0.0,0.3333333333333333,0.2222222222222222,0.2222222222222222,0.0,0.0,0.0,0.0,0.0,0.0,0.03333333333333334,0.0,0.0,-0.03333333333333334,0.01666666666666666,0.0,0.0,0.0,-0.016666666666666698,-2.7205905828709043e-17,-0.016666666666666666,0.0,0.0,0.0,0.0,0.0
0.0,0.0,0.0,0.0,0.5,0.35714285714285715,0.14285714285714285,0.0,0.0,0.35714285714285715,0.0,0.21428571428571427,0.0,0.07142857142857142,0.0,0.07142857142857142,0.0,0.0,0.0,0.0,0.0,-0.037362637362637376,0.050549450549450564,-0.03076923076923078,0.0,0.0,0.02417582417582416,0.0,0.0021978021978021913,0.0,-0.0021978021978022,0.0,-0.024175824175824197,0.0
0.0,0.0,0.0,0.0,0.5555555555555556,0.1111111111111111,0.4444444444444444,0.0,0.0,0.5555555555555556,0.0,0.1111111111111111,0.0,0.0,0.0,0.1111111111111111,0.0,0.0,0.0,0.0,0.0,-0.10000000000000007,0.05000000000000001,-0.06666666666666667,0.0,0.0,-0.03333333333333336,0.0,-0.03333333333333334,0.0,0.0,0.0,0.06666666666666668,0.0
0.0,0.0,0.0,0.0,0.45454545454545453,0.18181818181818182,0.09090909090909091,0.0,0.0,0.6363636363636364,0.2727272727272727,0.36363636363636365,0.0,0.0,0.0,0.18181818181818182,0.09090909090909091,0.0,0.0,0.0,0.0,0.07272727272727271,-0.036363636363636376,0.027272727272727264,0.0,0.0,-0.05454545454545454,-0.06363636363636359,0.05454545454545452,0.0,0.0,0.0,-0.009090909090909092,0.018181818181818184
0.0,0.125,0.0,0.16666666666666666,0.4166666666666667,0.041666666666666664,0.25,0.0,0.08333333333333333,0.3333333333333333,0.0,0.3333333333333333,0.0,0.08333333333333333,0.0,0.041666666666666664,0.041666666666666664,0.0,0.006521739130434783,0.0,0.00782608695652174,0.011304347826086948,0.0021739130434782618,-0.02434782608695653,0.0,0.0060869565217391295,-0.024347826086956535,0.0,0.0034782608695652154,0.0,-0.003478260869565221,0.0,0.007391304347826087,0.0004347826086956519
0.047619047619047616,0.19047619047619047,0.0,0.0,0.38095238095238093,0.09523809523809523,0.14285714285714285,0.0,0.047619047619047616,0.3333333333333333,0.23809523809523808,0.19047619047619047,0.0,0.0,0.0,0.09523809523809523,0.0,0.009090909090909089,0.011688311688311687,0.0,0.0,0.02207792207792208,-0.012987012987012977,-0.012987012987012983,0.0,0.007792207792207791,0.005194805194805202,-0.006493506493506499,-0.02987012987012986,0.0,0.0,0.0,0.016883116883116882,0.0
0.15789473684210525,0.3157894736842105,0.0,0.05263157894736842,0.5789473684210527,0.05263157894736842,0.15789473684210525,0.0,0.05263157894736842,0.2631578947368421,0.0,0.05263157894736842,0.0,0.0,0.05263157894736842,0.0,0.0,0.026315789473684216,0.014035087719298242,0.0,0.01578947368421053,-0.0280701754385965,-0.012280701754385963,-0.02982456140350878,0.0,0.01228070175438597,-0.01929824561403509,0.0,-0.012280701754385963,0.0,0.0,0.01228070175438597,0.0,0.0
0.0,0.0,0.06666666666666667,0.0,0.26666666666666666,0.4,0.2,0.0,0.0,0.26666666666666666,0.06666666666666667,0.2,0.06666666666666667,0.0,0.0,0.0,0.06666666666666667,0.0,0.0,0.01071428571428571,0.0,-0.010714285714285704,0.0607142857142857,0.007142857142857147,0.0,0.0,-0.007142857142857135,-0.025000000000000015,-0.02857142857142856,0.01428571428571428,0.0,0.0,0.0,-0.021428571428571425
